"","PARENT_AWARENESS","child_maltreatment","prop_single_mothers","teen_mothers","families_in_poverty","families_unaware_of_community","drug_abuse","PARENT_AWARENESS_percentile","child_maltreatment_percentile","prop_single_mothers_percentile","teen_mothers_percentile","families_in_poverty_percentile","families_unaware_of_community_percentile","drug_abuse_percentile","PARENT_AWARENESS_score"
"1",0.632764356691444,0.356578053808769,0.421702755361241,0.692179700499168,0.480705454296347,0.304048661793889,0.260562906922267,0.851239669421488,0.900826446280992,0.458677685950413,0.900826446280992,0.90495867768595,0.458677685950413,0.909090909090909,"80"
"2",0.373310232974617,0.146407297758875,0.408031829703342,0.459234608985025,0.0699415554880666,0.258145774899816,0.236372960142086,0.566115702479339,0.56198347107438,0.433884297520661,0.702479338842975,0.194214876033058,0.380165289256198,0.884297520661157,"50"
"3",0.373683985008702,0.3119691810833,0.254157284761444,0.459234608985025,0.135903511246656,0.15902243155641,0.321558003978804,0.570247933884298,0.84297520661157,0.194214876033058,0.702479338842975,0.446280991735537,0.152892561983471,0.950413223140496,"50"
"4",0.261040683404046,0.279763080673396,0.521686025222433,0.118136439267887,0.11377502358223,0.199606073980775,0.0877157873406553,0.359504132231405,0.785123966942149,0.640495867768595,0.169421487603306,0.355371900826446,0.256198347107438,0.446280991735537,"30"
"5",0.182827977228877,0.175293108765284,0.405080205657028,0.118136439267887,0.0881682335619255,0.118033140982809,0.125691711035299,0.223140495867769,0.62396694214876,0.421487603305785,0.169421487603306,0.247933884297521,0.0867768595041322,0.62396694214876,"20"
"6",0.220423195871736,0.0856152248313399,0.533133686952071,0.118136439267887,0.042641958733327,0.175030026902748,0.109664888125809,0.289256198347107,0.384297520661157,0.681818181818182,0.169421487603306,0.103305785123967,0.206611570247934,0.545454545454545,"20"
"7",0.492352054644239,0.101782854181968,0.304632039303409,0.459234608985025,0.114505361781121,0.224611572945297,0.568552154638077,0.735537190082645,0.429752066115702,0.272727272727273,0.702479338842975,0.359504132231405,0.31404958677686,0.995867768595041,"70"
"8",0.712963428343697,0.0843704492889931,0.473004985306791,0.459234608985025,0.409653846221091,0.591711050593221,0.497086937071642,0.888429752066116,0.371900826446281,0.549586776859504,0.702479338842975,0.859504132231405,0.958677685950413,0.991735537190083,"80"
"9",0.135214829464961,0.0292234946952889,0.0991567424284258,0.124792013311148,0.0927455640674104,0.180387731131876,0.252770847365125,0.136363636363636,0.190082644628099,0.0289256198347107,0.190082644628099,0.264462809917355,0.214876033057851,0.900826446280992,"10"
"10",0.759670137024927,0.207662958763612,0.73657083672878,0.692179700499168,0.395879120165995,0.333603209469473,0.348874562721983,0.921487603305785,0.690082644628099,0.90495867768595,0.900826446280992,0.84297520661157,0.520661157024793,0.966942148760331,"90"
"11",0.42298999188799,0.28264339844434,0.167921204334108,0.692179700499168,0.119311846714276,0.309755585710367,0.250234279484072,0.65702479338843,0.793388429752066,0.0909090909090909,0.900826446280992,0.37603305785124,0.466942148760331,0.896694214876033,"60"
"12",0.493605965701448,0.0611067038451008,0.4833800735812,0.692179700499168,0.218541211124876,0.233688883235237,0.283375801161928,0.739669421487603,0.264462809917355,0.574380165289256,0.900826446280992,0.648760330578512,0.334710743801653,0.933884297520661,"70"
"13",0.616174337058484,0.311019868730086,0.617028858284639,0.692179700499168,0.264712530715943,0.288720306932088,0.281633832035514,0.830578512396694,0.838842975206612,0.805785123966942,0.900826446280992,0.731404958677686,0.446280991735537,0.925619834710744,"80"
"14",0.153987822616113,0.188099233113295,0.091779494293676,0.124792013311148,0.0117268256666305,0.209453652227995,0.299084160593352,0.173553719008264,0.648760330578512,0.0165289256198347,0.190082644628099,0.0289256198347107,0.285123966942149,0.93801652892562,"10"
"15",0.628318531450843,0.161731769165168,0.674802797468841,0.570715474209651,0.338645792086196,0.355165668221978,0.303551123964311,0.847107438016529,0.59504132231405,0.851239669421488,0.793388429752066,0.789256198347107,0.586776859504132,0.942148760330578,"80"
"16",0.855208913265353,0.447255374334107,0.785410618305426,0.968386023294509,0.376433294865234,0.433128306877023,0.212943581838883,0.958677685950413,0.975206611570248,0.950413223140496,0.991735537190083,0.822314049586777,0.801652892561983,0.855371900826446,"90"
"17",0.720691762359119,0.123433438009704,0.587886781783444,0.968386023294509,0.358603026373098,0.372048450768036,0.200565877624391,0.892561983471074,0.491735537190083,0.768595041322314,0.991735537190083,0.801652892561983,0.632231404958678,0.838842975206612,"80"
"18",0.768849478482806,0.312580443204037,0.414874467208643,0.968386023294509,0.604233240063929,0.40340036188259,0.189278148203742,0.925619834710744,0.847107438016529,0.446280991735537,0.991735537190083,0.950413223140496,0.731404958677686,0.814049586776859,"90"
"19",0.399056024469918,0.281776764592194,0.39725705613229,0.124792013311148,0.23933019829428,0.242745230344774,0.332559504334295,0.628099173553719,0.789256198347107,0.409090909090909,0.190082644628099,0.681818181818182,0.359504132231405,0.962809917355372,"60"
"20",0.881591451236292,0.504644723680001,0.525161817817751,1,0.597003868922559,0.286331988600058,0.359736118796813,0.979338842975207,0.983471074380165,0.652892561983471,1,0.942148760330578,0.43801652892562,0.971074380165289,"90"
"21",0.331301197193855,0.392372741279093,0.389216250618777,0.264559068219634,0.24057164877409,0.167782646133251,0.145863885976988,0.483471074380165,0.942148760330578,0.392561983471074,0.487603305785124,0.690082644628099,0.173553719008264,0.690082644628099,"40"
"22",0.444272982446303,0.231071687299998,0.559083960779156,0.459234608985025,0.181795498413699,0.209711460235324,0.218754083414524,0.669421487603306,0.714876033057851,0.727272727272727,0.702479338842975,0.586776859504132,0.289256198347107,0.863636363636364,"60"
"23",0.503059972156569,0.0377621471618312,0.739645671837942,0.613976705490849,0.245498449461173,0.222441167304843,0.150664376855667,0.743801652892562,0.214876033057851,0.913223140495868,0.847107438016529,0.706611570247934,0.305785123966942,0.706611570247934,"70"
"24",0.800660066577713,0.297548282431784,0.771709423729986,0.613976705490849,0.807411010511035,0.3495690855117,0.166694029138449,0.93801652892562,0.809917355371901,0.942148760330578,0.847107438016529,0.983471074380165,0.557851239669422,0.772727272727273,"90"
"25",0.358988526444537,0.0540661368830747,0.388155222900312,0.613976705490849,0.156242560277709,0.164683990436073,0.141618217107157,0.528925619834711,0.256198347107438,0.388429752066116,0.847107438016529,0.512396694214876,0.169421487603306,0.681818181818182,"50"
"26",0.628076028173247,0.300441931570126,0.54448495875344,0.613976705490849,0.475724009400991,0.317310608673153,0.186511312714913,0.84297520661157,0.822314049586777,0.702479338842975,0.847107438016529,0.896694214876033,0.487603305785124,0.801652892561983,"80"
"27",0.376842027195586,0.287065692433375,0.32531012950778,0.236272878535774,0.361659897314291,0.282244150059965,0.169255934228944,0.574380165289256,0.801652892561983,0.285123966942149,0.392561983471074,0.809917355371901,0.421487603305785,0.78099173553719,"50"
"28",0.237581703280787,0.0506802925718114,0.408206196897394,0.264559068219634,0.190135734731223,0.154825142981412,0.100760325148204,0.301652892561983,0.239669421487603,0.43801652892562,0.487603305785124,0.615702479338843,0.144628099173554,0.504132231404959,"20"
"29",0.328524370785018,0.0841886454620069,0.766451196574326,0.236272878535774,0.0465429185156183,0.120203711716427,0.170703365099839,0.479338842975207,0.367768595041322,0.929752066115702,0.392561983471074,0.12396694214876,0.0909090909090909,0.789256198347107,"40"
"30",0.274759010572352,0.141718720439532,0.565984181582529,0.236272878535774,0.158536193530329,0.0387287738950919,0.166271370049582,0.388429752066116,0.545454545454545,0.735537190082645,0.392561983471074,0.533057851239669,0.00826446280991736,0.760330578512397,"30"
"31",0.163187189253126,0.0660823709898288,0.418913987012953,0.264559068219634,0.0212253487000022,0.0121823099686878,0.133406060640817,0.206611570247934,0.305785123966942,0.450413223140496,0.487603305785124,0.0537190082644628,0.00413223140495868,0.652892561983471,"10"
"32",0.15497014192076,0.0794139597846544,0.308105815915134,0.264559068219634,0.0467572240015319,0.110540095775854,0.0964976156123933,0.177685950413223,0.347107438016529,0.276859504132231,0.487603305785124,0.128099173553719,0.0702479338842975,0.495867768595041,"10"
"33",0.13331585323193,0,0.28698726212108,0.264559068219634,0.11596874213846,0.0636415720292977,0.0848500810176341,0.12396694214876,0,0.247933884297521,0.487603305785124,0.363636363636364,0.0206611570247934,0.43801652892562,"10"
"34",0.189378071640773,0,0.580939147980493,0.277870216306156,0.00538031842442296,0.0654981538116848,0.0653923378347744,0.231404958677686,0,0.760330578512397,0.512396694214876,0.0165289256198347,0.0289256198347107,0.367768595041322,"20"
"35",0.338112000053738,0.0157638222006121,0.76716360820999,0.277870216306156,0.171613903641924,0.171339967430626,0.0653923378347744,0.491735537190083,0.173553719008264,0.933884297520661,0.512396694214876,0.566115702479339,0.194214876033058,0.367768595041322,"40"
"36",0.205803312085148,0.14239256195844,0.207311857650885,0.199667221297837,0.155375664369198,0.193278920662406,0.15316691545481,0.260330578512397,0.553719008264463,0.144628099173554,0.297520661157025,0.5,0.239669421487603,0.714876033057851,"20"
"37",0.144538876161515,0.00938946359736451,0.373670063584019,0.0732113144758735,0.0807960263930237,0.219374342725914,0.079424090195159,0.15702479338843,0.15702479338843,0.355371900826446,0.0909090909090909,0.231404958677686,0.297520661157025,0.417355371900826,"10"
"38",0.241948252213084,0.0803892579805494,0.526406272386932,0.199667221297837,0.0800316792130746,0.138749505052079,0.130886045588657,0.31404958677686,0.351239669421488,0.65702479338843,0.297520661157025,0.223140495867769,0.107438016528926,0.644628099173554,"30"
"39",0.277672601253763,0.0969299440267709,0.602123315023697,0.199667221297837,0.0158462401795735,0.240758202196885,0.151318239710169,0.392561983471074,0.417355371900826,0.785123966942149,0.297520661157025,0.0454545454545455,0.347107438016529,0.710743801652893,"30"
"40",0.240606333708559,0.084779409158105,0.526649707078216,0.184692179700499,0.166633517841368,0.106600727297157,0.110501613837338,0.309917355371901,0.380165289256198,0.661157024793388,0.247933884297521,0.553719008264463,0.0537190082644628,0.553719008264463,"30"
"41",0.103868827390426,0.0856960327395055,0.198322385622806,0.266222961730449,0.0564645272267281,0.0984915624635468,0.0495585499237601,0.0909090909090909,0.388429752066116,0.128099173553719,0.504132231404959,0.15702479338843,0.0454545454545455,0.256198347107438,"0"
"42",0.410458266623575,0.417120445662225,0.736889632442323,0.199667221297837,0.190484077500179,0.220428084870618,0.133344522388097,0.636363636363636,0.954545454545455,0.909090909090909,0.297520661157025,0.619834710743802,0.301652892561983,0.648760330578512,"60"
"43",0.189522760344562,0.119989203737661,0.481050806406241,0.184692179700499,0.0379580404054707,0.0980419250813531,0.0909564800065639,0.235537190082645,0.475206611570248,0.566115702479339,0.247933884297521,0.0909090909090909,0.0413223140495868,0.471074380165289,"20"
"44",0.110299103888395,0.203798232423226,0.0523970571263855,0.184692179700499,0.155613317607538,0.116554207888988,0.105083751452066,0.103305785123967,0.681818181818182,0.00826446280991736,0.247933884297521,0.504132231404959,0.0785123966942149,0.524793388429752,"0"
"45",0.398330536546804,0.166088639367675,0.811084887996086,0.224625623960067,0.157192519720459,0.168068190299684,0.155329381140392,0.62396694214876,0.603305785123967,0.962809917355372,0.355371900826446,0.516528925619835,0.177685950413223,0.727272727272727,"60"
"46",0.344955475179717,0.278730311113317,0.492001937966935,0.224625623960067,0.180818784945718,0.184143258506034,0.161499020040141,0.495867768595041,0.776859504132231,0.590909090909091,0.355371900826446,0.582644628099174,0.223140495867769,0.747933884297521,"40"
"47",0.244683527577289,0.108164681513834,0.486050986024206,0.266222961730449,0.231299543136699,0.0641756272171954,0.0575718783483528,0.322314049586777,0.454545454545455,0.586776859504132,0.504132231404959,0.661157024793388,0.0247933884297521,0.322314049586777,"30"
"48",0.262786285969818,0.298111510550665,0.523809664703629,0.266222961730449,0.110182555491863,0.0926323332156159,0.0683292353664912,0.367768595041322,0.814049586776859,0.644628099173554,0.504132231404959,0.326446280991736,0.0371900826446281,0.384297520661157,"30"
"49",0.152929003228662,0.0844980826999222,0.285543670462784,0.224625623960067,0.0170124934497127,0.10902330791616,0.130828254873759,0.169421487603306,0.37603305785124,0.235537190082645,0.355371900826446,0.0495867768595041,0.0661157024793388,0.640495867768595,"10"
"50",0.900347510863244,0.185100979977404,0.69752311582247,0.870216306156406,0.502041877213055,0.574987455283224,0.413635920534203,0.987603305785124,0.644628099173554,0.880165289256198,0.942148760330578,0.909090909090909,0.954545454545455,0.987603305785124,"90"
"51",0.467122172610935,0.240678772709331,0.748495749846145,0.266222961730449,0.284699037323529,0.287092059788984,0.0591510730503228,0.702479338842975,0.743801652892562,0.917355371900826,0.504132231404959,0.747933884297521,0.442148760330579,0.326446280991736,"60"
"52",1,0.431698886090432,0.604785218183355,0.870216306156406,0.928173371874933,0.462331421195143,0.410746286859658,1,0.966942148760331,0.789256198347107,0.942148760330578,0.995867768595041,0.855371900826446,0.983471074380165,"90"
"53",0.485988830092245,0.206596109056078,0.353596151524945,0.497504159733777,0.444759567418827,0.358671570712565,0.123323409918423,0.71900826446281,0.685950413223141,0.326446280991736,0.723140495867769,0.871900826446281,0.603305785123967,0.619834710743802,"70"
"54",0.756248216901952,0.22032626715825,0.931675827504627,0.579034941763727,0.167123774445441,0.376494669692387,0.409327879589372,0.917355371900826,0.706611570247934,0.995867768595041,0.818181818181818,0.557851239669422,0.661157024793388,0.979338842975207,"90"
"55",0.962486203790527,0.328393581678382,0.715536456291954,1,0.798528974868965,0.375922936715999,0.321505962355178,0.995867768595041,0.867768595041322,0.888429752066116,1,0.979338842975207,0.652892561983471,0.946280991735537,"90"
"56",0.239236684618622,0.0614962137843561,0.375090519240908,0.312811980033278,0.0147350582434289,0.198510399722931,0.088391687837523,0.305785123966942,0.272727272727273,0.367768595041322,0.582644628099174,0.0371900826446281,0.247933884297521,0.454545454545455,"20"
"57",0.381022236218826,0.101719259424667,0.642940913715192,0.312811980033278,0.123233580951118,0.367010763654643,0.0617637417376991,0.586776859504132,0.425619834710744,0.834710743801653,0.582644628099174,0.388429752066116,0.615702479338843,0.351239669421488,"50"
"58",0.86976519415227,0.153270671069961,0.465509457182667,0.870216306156406,0.86389231996106,0.416827274163468,0.367673451833179,0.971074380165289,0.578512396694215,0.533057851239669,0.942148760330578,0.991735537190083,0.764462809917355,0.975206611570248,"90"
"59",0.590695070195863,0.273012468785811,0.617334962405017,0.497504159733777,0.452323251996195,0.438711418535124,0.092637035435062,0.809917355371901,0.768595041322314,0.809917355371901,0.723140495867769,0.87603305785124,0.822314049586777,0.483471074380165,"80"
"60",0.831482137461882,0.390278792054548,0.882539624084497,0.579034941763727,0.553943683928903,0.245321883612877,0.328315316552625,0.950413223140496,0.93801652892562,0.987603305785124,0.818181818181818,0.929752066115702,0.367768595041322,0.958677685950413,"90"
"61",0.860834996316543,0.305340498805461,0.478357242291545,0.579034941763727,0.70492563496255,0.374874384433308,0.708915067102946,0.962809917355372,0.830578512396694,0.557851239669422,0.818181818181818,0.966942148760331,0.644628099173554,1,"90"
"62",0.411310306805442,0.418883149234035,0.436704821885319,0.264559068219634,0.289786964771706,0.201913494991384,0.128364250013272,0.640495867768595,0.958677685950413,0.475206611570248,0.487603305785124,0.752066115702479,0.264462809917355,0.636363636363636,"60"
"63",0.620694808422919,0.298443084642588,0.619209943655045,0.579034941763727,0.379861638062463,0.383265473939709,0.207646698743001,0.834710743801653,0.818181818181818,0.814049586776859,0.818181818181818,0.826446280991736,0.681818181818182,0.847107438016529,"80"
"64",0.58437970326212,0.134172236428399,0.484322467629961,0.692179700499168,0.258143012883294,0.508982774770413,0.119701019872641,0.805785123966942,0.524793388429752,0.582644628099174,0.900826446280992,0.723140495867769,0.917355371900826,0.603305785123967,"80"
"65",0.55812226356345,0.232171389715651,0.510293796459694,0.692179700499168,0.218897891922823,0.394722831526677,0.117769574331488,0.797520661157025,0.71900826446281,0.615702479338843,0.900826446280992,0.652892561983471,0.714876033057851,0.590909090909091,"70"
"66",0.520909650235652,0.393931344981672,0.345658112670626,0.692179700499168,0.256136523743067,0.376556294026155,0.117947023681144,0.772727272727273,0.946280991735537,0.305785123966942,0.900826446280992,0.714876033057851,0.665289256198347,0.59504132231405,"70"
"67",0.350213086479605,0.172252386055216,0.288071984557443,0.367720465890183,0.118783564510154,0.443791531488962,0.162704795806314,0.512396694214876,0.619834710743802,0.252066115702479,0.640495867768595,0.371900826446281,0.834710743801653,0.752066115702479,"50"
"68",0.385808379447904,0.132916924463097,0.466970896006345,0.367720465890183,0.167341911310789,0.352858266188946,0.168734498472874,0.599173553719008,0.516528925619835,0.537190082644628,0.640495867768595,0.56198347107438,0.574380165289256,0.776859504132231,"50"
"69",0.814861183139137,0.120814016053626,1,0.579034941763727,0.507402466348339,0.476391271456187,0.236296909104925,0.946280991735537,0.483471074380165,1,0.818181818181818,0.913223140495868,0.871900826446281,0.880165289256198,"90"
"70",0.868317996143606,0.176353862902044,0.873728030288402,0.579034941763727,1,0.394453406906017,0.189251373565926,0.966942148760331,0.632231404958678,0.983471074380165,0.818181818181818,1,0.710743801652893,0.809917355371901,"90"
"71",0.541167550784666,0.209034888647102,0.474722382411296,0.692179700499168,0.304014733787088,0.36265263452734,0.136054259994706,0.78099173553719,0.694214876033058,0.553719008264463,0.900826446280992,0.768595041322314,0.611570247933884,0.661157024793388,"70"
"72",0.721379519389977,0.364005593092174,0.675326207295444,0.692179700499168,0.431129006663271,0.394159476751421,0.166562968286151,0.896694214876033,0.913223140495868,0.855371900826446,0.900826446280992,0.867768595041322,0.706611570247934,0.768595041322314,"80"
"73",0.684443566150878,0.310764454484637,0.531891283800208,0.549084858569052,0.555639099223784,0.435824363237996,0.283296256197205,0.863636363636364,0.834710743801653,0.669421487603306,0.752066115702479,0.933884297520661,0.809917355371901,0.929752066115702,"80"
"74",0.516601338163483,0.141837177179391,0.408583260652646,0.549084858569052,0.184053795494325,0.422540617637852,0.321837456345659,0.768595041322314,0.549586776859504,0.442148760330579,0.752066115702479,0.59504132231405,0.772727272727273,0.954545454545455,"70"
"75",0.657208237801951,0.356234892437098,0.496584651365686,0.895174708818636,0.207292507423496,0.376681189044037,0.197215026565167,0.855371900826446,0.896694214876033,0.603305785123967,0.950413223140496,0.632231404958678,0.669421487603306,0.830578512396694,"80"
"76",0.369035150328911,0.330834487060431,0.353991356589459,0.570715474209651,0.110159555757748,0.284730106662398,0.0260541798729672,0.545454545454545,0.871900826446281,0.330578512396694,0.793388429752066,0.322314049586777,0.429752066115702,0.115702479338843,"50"
"77",0.133559978217574,0.197921392022668,0.134797705241277,0.0815307820299501,0.121433650463511,0.328131996854711,0.0248924950572078,0.132231404958678,0.677685950413223,0.0619834710743802,0.111570247933884,0.380165289256198,0.504132231404959,0.111570247933884,"10"
"78",0.439318778984965,0.126476790416098,0.691050897817482,0.264559068219634,0.241107183493967,0.410915093107322,0.109669101843138,0.665289256198347,0.504132231404959,0.871900826446281,0.487603305785124,0.694214876033058,0.747933884297521,0.549586776859504,"60"
"79",0.311046731219233,0.0478243753688511,0.348998927675082,0.264559068219634,0.12473973202346,0.455615177307809,0.114234875720569,0.446280991735537,0.235537190082645,0.31404958677686,0.487603305785124,0.392561983471074,0.847107438016529,0.566115702479339,"40"
"80",0.323021502243681,0.121627360334637,0.263443621694915,0.570715474209651,0.112340855445055,0.310707353438478,0.0444683969705173,0.462809917355372,0.487603305785124,0.202479338842975,0.793388429752066,0.351239669421488,0.471074380165289,0.231404958677686,"40"
"81",0.25547749616037,0.152321129555271,0.236871278883653,0.264559068219634,0.196267400677967,0.312001009298007,0.0792753116953118,0.347107438016529,0.574380165289256,0.177685950413223,0.487603305785124,0.62396694214876,0.475206611570248,0.413223140495868,"30"
"82",0.218402104424489,0.162652986577202,0.199302620477132,0.264559068219634,0.0479448691671048,0.400836258487209,0.0889591513074015,0.28099173553719,0.599173553719008,0.132231404958678,0.487603305785124,0.132231404958678,0.723140495867769,0.462809917355372,"20"
"83",0.422516532070876,0.333793962343175,0.604808153367691,0.264559068219634,0.173131449890359,0.367875410960828,0.105602563814082,0.652892561983471,0.87603305785124,0.793388429752066,0.487603305785124,0.574380165289256,0.62396694214876,0.528925619834711,"60"
"84",0.157898179317477,0.135791713322444,0.22516435066243,0.0815307820299501,0.138061954766834,0.355633896262077,0.0213966304451616,0.190082644628099,0.533057851239669,0.169421487603306,0.111570247933884,0.462809917355372,0.590909090909091,0.0909090909090909,"10"
"85",0.358435625993028,0.197114655179438,0.366600013880507,0.366056572379368,0.319533131217804,0.241020167368444,0.044406690754102,0.524793388429752,0.669421487603306,0.338842975206612,0.632231404958678,0.776859504132231,0.351239669421488,0.227272727272727,"50"
"86",0.196609988777019,0.0458198465277148,0.310495082809697,0.0815307820299501,0.138017206486708,0.356481172390823,0.0295358443209817,0.243801652892562,0.227272727272727,0.28099173553719,0.111570247933884,0.458677685950413,0.599173553719008,0.128099173553719,"20"
"87",0.125943606822384,0.127811523830834,0.0689307389465808,0.0815307820299501,0.130984303861134,0.428644616746764,0.012187451353755,0.119834710743802,0.508264462809917,0.012396694214876,0.111570247933884,0.413223140495868,0.785123966942149,0.0537190082644628,"10"
"88",0.0333740196157023,0.0809928909730348,0.118918459729064,0.0815307820299501,0.0526914543998699,0.16238461006823,0.030691220479715,0.0206611570247934,0.355371900826446,0.0495867768595041,0.111570247933884,0.152892561983471,0.165289256198347,0.136363636363636,"0"
"89",0.0474737787988621,0.0217278310035943,0.251275676099698,0.086522462562396,0.0442756941228928,0.14040385885056,0.00516308566866339,0.0289256198347107,0.177685950413223,0.190082644628099,0.132231404958678,0.115702479338843,0.111570247933884,0.0247933884297521,"0"
"90",0.255320420201354,0.110323355517258,0.268891405045545,0.366056572379368,0.135740586178849,0.333419676162733,0.0350305849715063,0.34297520661157,0.462809917355372,0.210743801652893,0.632231404958678,0.442148760330579,0.516528925619835,0.148760330578512,"30"
"91",0.0765873600078313,0.0460438544959567,0.128506880238142,0.086522462562396,0.0231186870073316,0.350254444675504,0.0111962491748256,0.0619834710743802,0.231404958677686,0.0578512396694215,0.132231404958678,0.0619834710743802,0.566115702479339,0.0495867768595041,"0"
"92",0.371870104118732,0.266998075022922,0.405761444984021,0.366056572379368,0.217743065668996,0.379112304964328,0.0614807560169143,0.56198347107438,0.756198347107438,0.425619834710744,0.632231404958678,0.644628099173554,0.677685950413223,0.34297520661157,"50"
"93",0.369053445392691,0.239586885951073,0.558253897086865,0.366056572379368,0.130132310150008,0.343751733988573,0.0274542817898608,0.549586776859504,0.735537190082645,0.723140495867769,0.632231404958678,0.400826446280992,0.545454545454545,0.119834710743802,"50"
"94",0.676998085950913,0.522997794506903,0.437036550762679,0.906821963394343,0.187615887458051,0.476784119468608,0.153281769923386,0.859504132231405,0.987603305785124,0.479338842975207,0.979338842975207,0.607438016528926,0.87603305785124,0.71900826446281,"80"
"95",0.891653722561865,0.448083620560451,0.57976837940774,0.895174708818636,0.84488700388114,0.518201457919738,0.127264392937666,0.983471074380165,0.979338842975207,0.756198347107438,0.950413223140496,0.987603305785124,0.933884297520661,0.632231404958678,"90"
"96",0.802594148236296,0.600556528198442,0.510480107846424,0.906821963394343,0.349735924005788,0.478485762384495,0.230762756517397,0.942148760330578,0.995867768595041,0.619834710743802,0.979338842975207,0.797520661157025,0.880165289256198,0.87603305785124,"90"
"97",0.708356234378139,0.284002841570247,0.558086262242361,0.906821963394343,0.373597606943708,0.391779033991369,0.187206636921144,0.884297520661157,0.797520661157025,0.71900826446281,0.979338842975207,0.818181818181818,0.702479338842975,0.805785123966942,"80"
"98",0.616136905155746,0.387234393925927,0.402773847758675,0.906821963394343,0.184103884921284,0.415706526196332,0.206330890909028,0.826446280991736,0.933884297520661,0.417355371900826,0.979338842975207,0.599173553719008,0.760330578512397,0.84297520661157,"80"
"99",0.507538055037249,0.33489848942343,0.292095413128415,0.570715474209651,0.292116242972489,0.480902078538858,0.0778388991573615,0.752066115702479,0.880165289256198,0.260330578512397,0.793388429752066,0.756198347107438,0.884297520661157,0.409090909090909,"70"
"100",0.509350031837426,0.141184294197412,0.483667806881107,0.570715474209651,0.459583633322184,0.338139436415152,0.0399825221102786,0.756198347107438,0.541322314049587,0.578512396694215,0.793388429752066,0.884297520661157,0.533057851239669,0.181818181818182,"70"
"101",0.747229238566632,0.190713313276565,0.494908997890264,0.906821963394343,0.598314623908092,0.384545908228666,0.211702178825899,0.909090909090909,0.65702479338843,0.599173553719008,0.979338842975207,0.946280991735537,0.685950413223141,0.851239669421488,"90"
"102",0.595193657420008,0.0635505794303433,0.439562427431508,0.906821963394343,0.264268498282344,0.344752029301374,0.196411969565733,0.814049586776859,0.293388429752066,0.487603305785124,0.979338842975207,0.727272727272727,0.553719008264463,0.822314049586777,"80"
"103",0.703449212246975,0.344407736745787,0.733781057460725,0.570715474209651,0.470877182962598,0.375538040177161,0.267037251622564,0.880165289256198,0.888429752066116,0.900826446280992,0.793388429752066,0.892561983471074,0.648760330578512,0.913223140495868,"80"
"104",0.79404824240466,0.375447195074844,0.863317596666302,0.856905158069884,0.404288435016226,0.411891866000737,0.149836221214102,0.933884297520661,0.921487603305785,0.979338842975207,0.929752066115702,0.851239669421488,0.756198347107438,0.702479338842975,"90"
"105",0.846966401427774,0.33951681466766,0.715011704329549,0.906821963394343,0.616367537916887,0.398283984782125,0.193694627608373,0.954545454545455,0.884297520661157,0.884297520661157,0.979338842975207,0.954545454545455,0.71900826446281,0.818181818181818,"90"
"106",0.626356327002941,0.234720458490625,0.552760932866722,0.570715474209651,0.394813885634753,0.439830062280134,0.239480234209758,0.838842975206612,0.727272727272727,0.714876033057851,0.793388429752066,0.838842975206612,0.830578512396694,0.888429752066116,"80"
"107",0.596342985155866,0.357321668957146,0.494715723878676,0.570715474209651,0.239654062844577,0.499220574150151,0.278126187941172,0.818181818181818,0.90495867768595,0.59504132231405,0.793388429752066,0.685950413223141,0.909090909090909,0.917355371900826,"80"
"108",0.923959069051624,0.629582532164497,0.826429070039052,0.570715474209651,0.731692224827789,0.570868036089203,0.249651398834862,0.991735537190083,1,0.971074380165289,0.793388429752066,0.975206611570248,0.950413223140496,0.892561983471074,"90"
"109",0.880706773935611,0.362061630523643,0.753843959101252,0.856905158069884,0.695126597919616,0.391415052170647,0.170381252966048,0.975206611570248,0.909090909090909,0.925619834710744,0.929752066115702,0.962809917355372,0.694214876033058,0.785123966942149,"90"
"110",0.697702432568986,0.378923422355958,0.455193814889185,0.856905158069884,0.464037863321965,0.367032846916448,0.196442591099924,0.87603305785124,0.925619834710744,0.508264462809917,0.929752066115702,0.888429752066116,0.619834710743802,0.826446280991736,"80"
"111",0.785389215755825,0.249717491232461,0.802604729158483,0.570715474209651,0.477452807209334,0.513356483801308,0.278838672105112,0.929752066115702,0.747933884297521,0.958677685950413,0.793388429752066,0.900826446280992,0.925619834710744,0.921487603305785,"90"
"112",0.729759029046345,0.240675202962308,0.632642587940725,0.823627287853577,0.41030539313978,0.424298859775258,0.197723143308542,0.90495867768595,0.739669421487603,0.822314049586777,0.917355371900826,0.863636363636364,0.776859504132231,0.834710743801653,"90"
"113",0.244408699546162,0.137685142275295,0.373681826858488,0.302828618968386,0.00881233396260831,0.27926153242626,0.108432393932269,0.318181818181818,0.537190082644628,0.359504132231405,0.574380165289256,0.0206611570247934,0.417355371900826,0.537190082644628,"30"
"114",0.378194183447914,0.0813269338816858,0.458378295921356,0.302828618968386,0.139896456978393,0.48522702148346,0.119738829536551,0.578512396694215,0.359504132231405,0.516528925619835,0.574380165289256,0.466942148760331,0.892561983471074,0.607438016528926,"50"
"115",0.382086237608254,0.120656262782282,0.341732486909109,0.302828618968386,0.281664257386966,0.46434561298676,0.110516488051052,0.590909090909091,0.479338842975207,0.301652892561983,0.574380165289256,0.743801652892562,0.859504132231405,0.557851239669422,"50"
"116",0.687718752500789,0.123960415736324,0.813315617899436,0.635607321131448,0.58099067471876,0.339884021118075,0.136083045270799,0.867768595041322,0.495867768595041,0.966942148760331,0.859504132231405,0.93801652892562,0.537190082644628,0.665289256198347,"80"
"117",0.572771956840449,0.0628408717316279,0.519970944789549,0.823627287853577,0.130625878597272,0.385750350244402,0.217191285231721,0.801652892561983,0.289256198347107,0.636363636363636,0.917355371900826,0.409090909090909,0.690082644628099,0.859504132231405,"70"
"118",0.550492106359431,0.189940919416842,0.369440534392973,0.823627287853577,0.251371086535466,0.372802955041593,0.162710399024571,0.789256198347107,0.652892561983471,0.347107438016529,0.917355371900826,0.710743801652893,0.636363636363636,0.756198347107438,"70"
"119",0.747366073313341,0.386090430176998,0.623998484719755,0.823627287853577,0.373403666710773,0.410941228704154,0.220323342825104,0.913223140495868,0.929752066115702,0.818181818181818,0.917355371900826,0.814049586776859,0.752066115702479,0.867768595041322,"90"
"120",0.463289870134236,0.0599885299830249,0.383332176947346,0.635607321131448,0.406791104711418,0.285862909172734,0.1211966331732,0.698347107438017,0.260330578512397,0.380165289256198,0.859504132231405,0.855371900826446,0.433884297520661,0.615702479338843,"60"
"121",0.433326208448939,0.215605605405808,0.424478649393786,0.635607321131448,0.131601387403698,0.334955027193031,0.117398117429085,0.661157024793388,0.698347107438017,0.462809917355372,0.859504132231405,0.417355371900826,0.524793388429752,0.586776859504132,"60"
"122",0.151062249672376,0.0116264833278025,0.193959613391584,0.392678868552413,0.0585748114244969,0.209304380352442,0.0123611947927482,0.165289256198347,0.161157024793388,0.119834710743802,0.677685950413223,0.165289256198347,0.28099173553719,0.0578512396694215,"10"
"123",0.139888035555014,0.0350692050741507,0.115037994702996,0.392678868552413,0.105214854804517,0.187573826170014,0.0153710871424695,0.148760330578512,0.210743801652893,0.0454545454545455,0.677685950413223,0.309917355371901,0.227272727272727,0.0661157024793388,"10"
"124",0.39413177217341,0.0613183826422984,0.610739536789,0.217970049916805,0.268209461986988,0.436480633591656,0.0466450120823531,0.615702479338843,0.268595041322314,0.801652892561983,0.338842975206612,0.735537190082645,0.814049586776859,0.239669421487603,"60"
"125",0.204735597223452,0.17592380403541,0.285369054926176,0.217970049916805,0.0953293374677415,0.230486052051989,0.0403506905125132,0.256198347107438,0.628099173553719,0.231404958677686,0.338842975206612,0.272727272727273,0.326446280991736,0.202479338842975,"20"
"126",0.455011166723847,0.156191484506838,0.535048750108523,0.247920133111481,0.184202550519624,0.689232716924686,0.0497731974309612,0.685950413223141,0.582644628099174,0.685950413223141,0.442148760330579,0.603305785123967,0.979338842975207,0.260330578512397,"60"
"127",0.388517655262145,0.0646381039425222,0.46394828927188,0.217970049916805,0.520730536527097,0.349661799494146,0.0357952708659897,0.607438016528926,0.301652892561983,0.528925619834711,0.338842975206612,0.917355371900826,0.56198347107438,0.152892561983471,"60"
"128",0.30638786460473,0.0738170924152158,0.530761366256279,0.217970049916805,0.0922441316855282,0.452170211929271,0.0310966284239272,0.43801652892562,0.326446280991736,0.665289256198347,0.338842975206612,0.260330578512397,0.84297520661157,0.140495867768595,"40"
"129",0.255652201477119,0.0749089559521278,0.357454033545313,0.247920133111481,0.0909828932193111,0.391444359299876,0.0513657753332997,0.351239669421488,0.334710743801653,0.334710743801653,0.442148760330579,0.256198347107438,0.698347107438017,0.276859504132231,"30"
"130",0.392199838912257,0.234536875266525,0.607954012828713,0.247920133111481,0.092839179161425,0.473487209426054,0.0558532524802483,0.611570247933884,0.723140495867769,0.797520661157025,0.442148760330579,0.268595041322314,0.867768595041322,0.31404958677686,"60"
"131",0.489743987963397,0.197144947861172,0.458157298035676,0.247920133111481,0.318195184757874,0.461410201292871,0.229565429035133,0.727272727272727,0.673553719008264,0.512396694214876,0.442148760330579,0.772727272727273,0.851239669421488,0.871900826446281,"70"
"132",0.294161226219966,0.0828300458861725,0.450023692282079,0.247920133111481,0.0617409326734138,0.446174478749814,0.0562270596812892,0.425619834710744,0.363636363636364,0.5,0.442148760330579,0.169421487603306,0.838842975206612,0.318181818181818,"40"
"133",0.323694148928566,0.269294909428151,0.538783693327091,0.217970049916805,0.143201023608929,0.344339289608182,0.0330918538249293,0.466942148760331,0.760330578512397,0.690082644628099,0.338842975206612,0.475206611570248,0.549586776859504,0.144628099173554,"40"
"134",0.322474634187666,0.135437138617846,0.339719115791092,0.217970049916805,0.218920911396436,0.523173412146024,0.0430172483175193,0.458677685950413,0.528925619834711,0.297520661157025,0.338842975206612,0.65702479338843,0.93801652892562,0.21900826446281,"40"
"135",0.454932158033656,0.0636601485240501,0.579025848534961,0.247920133111481,0.2420893948302,0.649027629553468,0.0555115417961335,0.681818181818182,0.297520661157025,0.752066115702479,0.442148760330579,0.702479338842975,0.971074380165289,0.301652892561983,"60"
"136",0.291275346531258,0.0999265394670357,0.217404396389448,0.247920133111481,0.0955249524758614,0.647436293692583,0.0538659669563724,0.417355371900826,0.421487603305785,0.15702479338843,0.442148760330579,0.276859504132231,0.966942148760331,0.293388429752066,"40"
"137",0.359347398104692,0.109568091452972,0.518214296152395,0.217970049916805,0.188263466362251,0.436662453022117,0.0508302016662548,0.533057851239669,0.458677685950413,0.62396694214876,0.338842975206612,0.611570247933884,0.818181818181818,0.264462809917355,"50"
"138",0.317428948390778,0.0746058700252797,0.588115936117605,0.217970049916805,0.158806569749521,0.361180032528886,0.0278516261360416,0.454545454545455,0.330578512396694,0.772727272727273,0.338842975206612,0.541322314049587,0.607438016528926,0.12396694214876,"40"
"139",0.210539180646002,0,0.281402694187274,0.284525790349418,0.0257721752959422,0.431054238880757,0.0399179053725833,0.272727272727273,0,0.21900826446281,0.545454545454545,0.0661157024793388,0.789256198347107,0.177685950413223,"20"
"140",0.283493655047762,0,0.461002906846749,0.284525790349418,0.126884296821058,0.377093431836433,0.0461969237511223,0.40495867768595,0,0.520661157024793,0.545454545454545,0.396694214876033,0.673553719008264,0.235537190082645,"30"
"141",0.503474368440724,0,0.751463415833324,0.284525790349418,0.709874016830763,0.212582696342907,0.0399179053725833,0.747933884297521,0,0.921487603305785,0.545454545454545,0.971074380165289,0.293388429752066,0.177685950413223,"70"
"142",0.246198315993283,0,0.281396356138652,0.217970049916805,0.136759292302629,0.481145146911554,0.0593040577738916,0.326446280991736,0,0.214876033057851,0.338842975206612,0.454545454545455,0.888429752066116,0.334710743801653,"30"
"143",0.259671931816117,0,0.284539623099435,0.217970049916805,0.132359388709873,0.525439089631365,0.0593040577738916,0.355371900826446,0,0.227272727272727,0.338842975206612,0.429752066115702,0.946280991735537,0.334710743801653,"30"
"144",0.533443254569221,0.231047998689785,0.794836070846327,0.387687188019967,0.321474068347967,0.293987109852321,0.0525177612082511,0.776859504132231,0.710743801652893,0.954545454545455,0.669421487603306,0.78099173553719,0.454545454545455,0.28099173553719,"70"
"145",0.327885367081407,0,0.441597816708176,0.344425956738769,0.140652142711417,0.433019367300848,0.0778036853525049,0.475206611570248,0,0.491735537190083,0.607438016528926,0.471074380165289,0.797520661157025,0.40495867768595,"40"
"146",0.261676506437358,0.000296686695110009,0.197824469730733,0.183028286189684,0.144987422894595,0.659857796728898,0.0401688850027527,0.363636363636364,0.128099173553719,0.12396694214876,0.235537190082645,0.479338842975207,0.975206611570248,0.194214876033058,"30"
"147",0.306520110870802,0,0.463459069972948,0.183028286189684,0.157414219675364,0.525183793020541,0.0401688850027527,0.442148760330579,0,0.524793388429752,0.235537190082645,0.520661157024793,0.942148760330578,0.194214876033058,"40"
"148",0.401981648003369,0.0677221769071024,0.097118564376032,0.387687188019967,0.0667911651289699,0.969207824797554,0.0710602918209429,0.632231404958678,0.309917355371901,0.0247933884297521,0.669421487603306,0.190082644628099,0.995867768595041,0.400826446280992,"60"
"149",0.248114365073252,0,0.548499017471152,0.183028286189684,0.0722409102359157,0.337832439310829,0.0410944770873614,0.330578512396694,0,0.710743801652893,0.235537190082645,0.206611570247934,0.528925619834711,0.206611570247934,"30"
"150",0.421228707654412,0.0508431048919015,0.10430653092569,0.387687188019967,0.152209957770058,0.971169630342783,0.0193860277583844,0.648760330578512,0.243801652892562,0.0371900826446281,0.669421487603306,0.491735537190083,1,0.0826446280991736,"60"
"151",0.323913897037534,0.090502842853398,0.390498257241661,0.387687188019967,0.131662856557933,0.418810952381954,0.020801623860415,0.471074380165289,0.409090909090909,0.396694214876033,0.669421487603306,0.421487603305785,0.768595041322314,0.0867768595041322,"40"
"152",0.486478561302588,0.319830131804266,0.233904622196542,0.387687188019967,0.239323864548737,0.435404644506703,0.258753549513675,0.723140495867769,0.855371900826446,0.173553719008264,0.669421487603306,0.677685950413223,0.805785123966942,0.90495867768595,"70"
"153",0.416497819562094,0,0.419306555918369,0.397670549084859,0.383036424091287,0.470978277456827,0.0495522847242462,0.644628099173554,0,0.454545454545455,0.681818181818182,0.830578512396694,0.863636363636364,0.252066115702479,"60"
"154",0.15703279832314,0.0325398871415886,0.429729467532113,0.118136439267887,0.100327374163434,0.126831218855242,0.0835263083524822,0.18595041322314,0.198347107438017,0.466942148760331,0.169421487603306,0.293388429752066,0.0950413223140496,0.433884297520661,"10"
"155",0.337194493319543,0,0.684696008688021,0.124792013311148,0.155368875436065,0.356128941838219,0.146248259334823,0.487603305785124,0,0.859504132231405,0.190082644628099,0.495867768595041,0.59504132231405,0.694214876033058,"40"
"156",0.271443610198321,0.103989541459776,0.480911437225719,0.118136439267887,0.298495454485479,0.179668065515959,0.10482548331353,0.37603305785124,0.433884297520661,0.56198347107438,0.169421487603306,0.764462809917355,0.210743801652893,0.520661157024793,"30"
"157",0.29078352712363,0.0226295947688983,0.532582071142209,0.231281198003328,0.15850327811172,0.23801436930688,0.147292881428057,0.413223140495868,0.18595041322314,0.673553719008264,0.363636363636364,0.528925619834711,0.34297520661157,0.698347107438017,"40"
"158",0.255039513049436,0,0.368560660733805,0.231281198003328,0.0383599267797509,0.426838178301778,0.139775413711584,0.338842975206612,0,0.34297520661157,0.363636363636364,0.0950413223140496,0.78099173553719,0.677685950413223,"30"
"159",0.116129911553714,0,0.147482258175554,0.0848585690515807,0.0828958627241852,0.407454323803654,0.0384205268305305,0.107438016528926,0,0.0702479338842975,0.119834710743802,0.239669421487603,0.743801652892562,0.165289256198347,"0"
"160",0.228942593197401,0.156657450187399,0.151387796421366,0.342762063227953,0.0773681677034675,0.340489280183004,0.116526549022363,0.293388429752066,0.586776859504132,0.0743801652892562,0.603305785123967,0.21900826446281,0.541322314049587,0.578512396694215,"20"
"161",0.47400043858348,0.111904721680563,0.571075870692521,0.342762063227953,0.110987378322158,0.699158304991947,0.116443539038423,0.710743801652893,0.471074380165289,0.739669421487603,0.603305785123967,0.338842975206612,0.983471074380165,0.574380165289256,"70"
"162",0.370512078101313,0.196497683245655,0.496928529698789,0.342762063227953,0.121520408608379,0.354086385290843,0.119423584890627,0.557851239669422,0.665289256198347,0.607438016528926,0.603305785123967,0.384297520661157,0.582644628099174,0.599173553719008,"50"
"163",0.548169268951635,0.0781382118382432,0.767480830724195,0.499168053244592,0.213175508141198,0.404177467778098,0.157375915977139,0.785123966942149,0.338842975206612,0.93801652892562,0.743801652892562,0.640495867768595,0.735537190082645,0.735537190082645,"70"
"164",0.282019844173002,0.0861403656612323,0.399432262255723,0.499168053244592,0.0363689077323895,0.137932123902688,0.153510909725123,0.400826446280992,0.392561983471074,0.413223140495868,0.743801652892562,0.0867768595041322,0.103305785123967,0.723140495867769,"30"
"165",0.509857990295711,0.107605563029972,0.377551887087829,0.342762063227953,0.401285491505396,0.631787891419636,0.156626123507188,0.760330578512397,0.450413223140496,0.371900826446281,0.603305785123967,0.847107438016529,0.962809917355372,0.731404958677686,"70"
"166",0.462415287642613,0.271318036861675,0.518242801058069,0.342762063227953,0.321502508093164,0.323571630203934,0.144193724959148,0.694214876033058,0.764462809917355,0.628099173553719,0.603305785123967,0.785123966942149,0.5,0.685950413223141,"60"
"167",0.478739993222316,0.0880959985242409,0.691958323996971,0.499168053244592,0.0708056338713923,0.321307660762814,0.179151575589989,0.714876033057851,0.400826446280992,0.87603305785124,0.743801652892562,0.198347107438017,0.491735537190083,0.797520661157025,"70"
"168",0.467710535644277,0.106226408410159,0.471990269486079,0.499168053244592,0.349514191322201,0.279006126782005,0.166393368559298,0.706611570247934,0.442148760330579,0.545454545454545,0.743801652892562,0.793388429752066,0.413223140495868,0.764462809917355,"70"
"169",0.688466845325448,0.31753949060954,0.686059051989896,0.499168053244592,0.544439707820355,0.407366136122077,0.158496640794145,0.871900826446281,0.851239669421488,0.867768595041322,0.743801652892562,0.925619834710744,0.739669421487603,0.739669421487603,"80"
"170",0.306330025057517,0.0709479623426211,0.44847412413361,0.189683860232945,0.183426062827559,0.354050400331058,0.120008467188552,0.433884297520661,0.322314049586777,0.495867768595041,0.276859504132231,0.590909090909091,0.578512396694215,0.611570247933884,"40"
"171",0.198450296497678,0,0.380001181692168,0.189683860232945,0.15051250540854,0.205342942898352,0.0944128695877457,0.247933884297521,0,0.37603305785124,0.276859504132231,0.487603305785124,0.272727272727273,0.491735537190083,"20"
"172",0.155319424739199,0.0535956925141767,0.347203382437719,0.189683860232945,0.0432472170727019,0.174367137302626,0.100263287715612,0.181818181818182,0.252066115702479,0.309917355371901,0.276859504132231,0.107438016528926,0.202479338842975,0.5,"10"
"173",0.350738567711728,0.0880183831836505,0.661543618854785,0.189683860232945,0.133028318552423,0.376204648164152,0.101782395191799,0.516528925619835,0.396694214876033,0.847107438016529,0.276859504132231,0.433884297520661,0.65702479338843,0.508264462809917,"50"
"174",0.303357368754371,0.012640551021203,0.650866792519037,0.174708818635607,0.0855170396076805,0.24483089731239,0.160180909048985,0.429752066115702,0.165289256198347,0.838842975206612,0.223140495867769,0.243801652892562,0.363636363636364,0.743801652892562,"40"
"175",0.0631984938363745,0.000824357557604531,0.266079099101174,0.103161397670549,0.0271738420221512,0.141806479918467,0.0534054705117434,0.0454545454545455,0.140495867768595,0.206611570247934,0.148760330578512,0.0702479338842975,0.115702479338843,0.285123966942149,"0"
"176",0.123993593384961,0,0.34922565652616,0.103161397670549,0.116362809701011,0.170595166434037,0.0468846141390589,0.115702479338843,0,0.318181818181818,0.148760330578512,0.367768595041322,0.18595041322314,0.243801652892562,"10"
"177",0.0644636200133903,0,0.329578538561842,0.0332778702163062,0.110686843275853,0.100477975308161,0.0220582956356068,0.0495867768595041,0,0.289256198347107,0.0826446280991736,0.334710743801653,0.0495867768595041,0.0991735537190083,"0"
"178",0.141893560823332,0.070691513595804,0.384001685957153,0.0732113144758735,0.106308497093192,0.160116466326486,0.068647538909972,0.152892561983471,0.318181818181818,0.384297520661157,0.0909090909090909,0.31404958677686,0.15702479338843,0.388429752066116,"10"
"179",0.293510190790523,0.32561785245329,0.560105381635478,0.199667221297837,0.0816224876644224,0.154132587755241,0.137561208749246,0.421487603305785,0.863636363636364,0.731404958677686,0.297520661157025,0.235537190082645,0.136363636363636,0.673553719008264,"40"
"180",0.0567815562818487,0.0619533577383752,0.223106708329657,0.0332778702163062,0.104377491423625,0.157299206322565,0.0225035869003569,0.0371900826446281,0.276859504132231,0.165289256198347,0.0826446280991736,0.305785123966942,0.148760330578512,0.103305785123967,"0"
"181",0.0557896205874138,0.0222761477559624,0.285710060489224,0.0332778702163062,0.0350060116339719,0.171876746931528,0.0244052787274537,0.0330578512396694,0.181818181818182,0.239669421487603,0.0826446280991736,0.0826446280991736,0.198347107438017,0.107438016528926,"0"
"182",0.0289693329827724,0,0.106809086980209,0.0332778702163062,0.172628715454567,0.148570030649746,0.02141827779397,0.0165289256198347,0,0.0413223140495868,0.0826446280991736,0.570247933884298,0.12396694214876,0.0950413223140496,"0"
"183",0.0821246371553397,0,0.339542138878528,0.0133111480865225,0.0649793143071758,0.205003511621301,0.0296560769454969,0.0743801652892562,0,0.293388429752066,0.0537190082644628,0.18595041322314,0.268595041322314,0.132231404958678,"0"
"184",0,0,0.101635392258503,0.00332778702163062,0,0.275321852211438,0.00988535898183231,0,0,0.0330578512396694,0.0247933884297521,0,0.40495867768595,0.0413223140495868,"0"
"185",0.0704922605625809,0,0.21718404245957,0,0.0395818210765045,0.351980051175576,0.00659023932122154,0.0578512396694215,0,0.152892561983471,0,0.0991735537190083,0.570247933884298,0.0289256198347107,"0"
"186",0.165546186805972,0.000715722824257222,0.467283319774076,0.00332778702163062,0.148852535154208,0.289249713436115,0.00988535898183231,0.214876033057851,0.136363636363636,0.541322314049587,0.0247933884297521,0.483471074380165,0.450413223140496,0.0413223140495868,"20"
"187",0.15985420097738,0,0.204276478737249,0.0133111480865225,0.111899988364826,0.491836423944297,0.0794512451828103,0.198347107438017,0,0.136363636363636,0.0537190082644628,0.347107438016529,0.900826446280992,0.425619834710744,"10"
"188",0.183182575991845,0,0.245809476465067,0.0133111480865225,0.13233826692552,0.504380439558935,0.0794512451828103,0.227272727272727,0,0.181818181818182,0.0537190082644628,0.425619834710744,0.913223140495868,0.425619834710744,"20"
"189",0.150505332543031,0.0350270751493482,0.174315348073354,0.0133111480865225,0.13669141475533,0.486875073271757,0.0386840247569904,0.161157024793388,0.206611570247934,0.0991735537190083,0.0537190082644628,0.450413223140496,0.896694214876033,0.169421487603306,"10"
"190",0.0792072814112647,0.0513568191322235,0.097106952682182,0.0133111480865225,0.0156673232169113,0.401377673507757,0.0402930152995465,0.0702479338842975,0.247933884297521,0.0206611570247934,0.0537190082644628,0.0413223140495868,0.727272727272727,0.198347107438017,"0"
"191",0.16396074546875,0.0348737366586274,0.221908876831466,0.0133111480865225,0.101438227261369,0.514309996169597,0.0401114118843449,0.210743801652893,0.202479338842975,0.161157024793388,0.0537190082644628,0.297520661157025,0.929752066115702,0.18595041322314,"20"
"192",0.178524829826601,0.0623550388923965,0.281878830897773,0.0133111480865225,0.155827308568826,0.431648107172854,0.0427774060802459,0.21900826446281,0.28099173553719,0.223140495867769,0.0537190082644628,0.508264462809917,0.793388429752066,0.210743801652893,"20"
"193",0.160113144617715,0.00695151988006181,0.251091897668721,0.0332778702163062,0.0484048374801047,0.509792727313399,0.0555593072135095,0.202479338842975,0.152892561983471,0.18595041322314,0.0826446280991736,0.136363636363636,0.921487603305785,0.305785123966942,"10"
"194",0.133320067901954,0.00124914172009032,0.188394390722981,0.0332778702163062,0.10350901636617,0.439273571015537,0.05094076880728,0.128099173553719,0.144628099173554,0.111570247933884,0.0826446280991736,0.301652892561983,0.826446280991736,0.272727272727273,"10"
"195",0.290097938556589,0.00045633628494882,0.374716463111061,0.0332778702163062,0.0768156368407806,0.775455461398649,0.05094076880728,0.409090909090909,0.132231404958678,0.363636363636364,0.0826446280991736,0.214876033057851,0.991735537190083,0.272727272727273,"40"
"196",0.207674062403592,0,0.124952054376601,0.0848585690515807,0.0345010161253643,0.771574628494366,0.0376348003497523,0.268595041322314,0,0.0537190082644628,0.119834710743802,0.0785123966942149,0.987603305785124,0.15702479338843,"20"
"198",0.206294865284313,0.12547403198202,0.434652321034264,0.129783693843594,0.108524054251245,0.248579233389496,0.0535654465830635,0.264462809917355,0.5,0.471074380165289,0.21900826446281,0.318181818181818,0.371900826446281,0.289256198347107,"20"
"199",0.0987854750155964,0.171451649291739,0.142933236937583,0.129783693843594,0,0.274575833407202,0.0553096516679755,0.0826446280991736,0.615702479338843,0.0661157024793388,0.21900826446281,0,0.396694214876033,0.297520661157025,"0"
"200",0.0597295417616583,0.062366062962308,0.151728200449642,0,0.0463189644568398,0.331753658925014,0.00231788405925287,0.0413223140495868,0.285123966942149,0.0785123966942149,0,0.119834710743802,0.508264462809917,0.0165289256198347,"0"
"201",0.0864486830479023,0.0907777786116682,0.188055410433137,0.129783693843594,0.0228704254896958,0.236470567471591,0.0382703455422779,0.0785123966942149,0.413223140495868,0.107438016528926,0.21900826446281,0.0578512396694215,0.338842975206612,0.161157024793388,"0"
"202",0.107982310133947,0.0457770505602023,0.39096578454026,0,0.0105423445576712,0.283174650944108,0.017143220234652,0.0950413223140496,0.223140495867769,0.400826446280992,0,0.0247933884297521,0.425619834710744,0.0702479338842975,"0"
"203",0.065127494540244,0.0319415332542403,0.204976882370058,0,0.0714027288029402,0.27465743786075,0.00432803959077182,0.0537190082644628,0.194214876033058,0.140495867768595,0,0.202479338842975,0.400826446280992,0.0206611570247934,"0"
"204",0.0773111578818073,0.255261113345464,0.165045140383887,0.129783693843594,0.012321050679582,0.154444908231841,0.0436859423871229,0.0661157024793388,0.752066115702479,0.0826446280991736,0.21900826446281,0.0330578512396694,0.140495867768595,0.223140495867769,"0"
"205",0.136986417652738,0.0389995630011996,0.295712450900891,0.129783693843594,0.0753375258879998,0.227412386101575,0.0427987743991579,0.140495867768595,0.21900826446281,0.264462809917355,0.21900826446281,0.210743801652893,0.322314049586777,0.214876033057851,"10"
"206",0.453676175407571,0.323074640836232,0.499669670106903,0.129783693843594,0.539886474407331,0.275728944962667,0.106524453633793,0.677685950413223,0.859504132231405,0.611570247933884,0.21900826446281,0.921487603305785,0.409090909090909,0.533057851239669,"60"
"207",0.191282036690656,0.146875549116256,0.391484610612129,0.129783693843594,0.0888387542303932,0.207818305020519,0.0676523665889151,0.239669421487603,0.566115702479339,0.40495867768595,0.21900826446281,0.252066115702479,0.276859504132231,0.37603305785124,"20"
"208",0.101987186842577,0.105203595840273,0.185003386360302,0.086522462562396,0.0584967251507752,0.304749794486598,0.0108298245052989,0.0867768595041322,0.43801652892562,0.103305785123967,0.132231404958678,0.161157024793388,0.462809917355372,0.0454545454545455,"0"
"209",0.34611784006795,0.426696653859813,0.437844528537915,0.186356073211314,0.360422078301627,0.146908628612215,0.0909615417983755,0.5,0.962809917355372,0.483471074380165,0.260330578512397,0.805785123966942,0.119834710743802,0.475206611570248,"40"
"210",0.59693489970563,0.130714095778041,0.639689097245576,0.599001663893511,0.455564147620621,0.371744523981123,0.136915360328766,0.822314049586777,0.512396694214876,0.830578512396694,0.830578512396694,0.880165289256198,0.628099173553719,0.669421487603306,"80"
"211",0.395594618202468,0.143266102990068,0.7792183757664,0.236272878535774,0.133228188129804,0.266447043654877,0.0905749923615645,0.619834710743802,0.557851239669422,0.946280991735537,0.392561983471074,0.43801652892562,0.388429752066116,0.466942148760331,"60"
"212",0.369997827039659,0.067876717238757,0.524430208016669,0.236272878535774,0.110301981081769,0.491975007978477,0.0923563533329437,0.553719008264463,0.31404958677686,0.648760330578512,0.392561983471074,0.330578512396694,0.90495867768595,0.479338842975207,"50"
"213",0.461983449684392,0.177956171727146,0.725735624926385,0.479201331114809,0.20912433765647,0.255341797096184,0.0638658408701102,0.690082644628099,0.640495867768595,0.896694214876033,0.714876033057851,0.636363636363636,0.37603305785124,0.359504132231405,"60"
"214",0.386780770701069,0.167771913673159,0.519291914988447,0.479201331114809,0.0646158724839198,0.323514856467796,0.0706571634044244,0.603305785123967,0.607438016528926,0.632231404958678,0.714876033057851,0.177685950413223,0.495867768595041,0.396694214876033,"50"
"215",0.512859572448549,0.133945695065683,0.634485807199146,0.479201331114809,0.393378055412201,0.227109948063031,0.114896867546803,0.764462809917355,0.520661157024793,0.826446280991736,0.714876033057851,0.834710743801653,0.318181818181818,0.570247933884298,"70"
"216",0.27387671602791,0.0892128969085424,0.532724800766934,0.186356073211314,0.0520889066055027,0.264651159960378,0.117210445607972,0.384297520661157,0.40495867768595,0.677685950413223,0.260330578512397,0.148760330578512,0.384297520661157,0.582644628099174,"30"
"217",0.138187459816579,0.17693846809989,0.167003753697621,0.236272878535774,0.0648789759272811,0.160596980311436,0.103250303051914,0.144628099173554,0.636363636363636,0.0867768595041322,0.392561983471074,0.181818181818182,0.161157024793388,0.516528925619835,"10"
"218",0.492186503406277,0.367201885090968,0.914129626455098,0.236272878535774,0.23343059793428,0.2410724248867,0.0887897667987091,0.731404958677686,0.917355371900826,0.991735537190083,0.392561983471074,0.665289256198347,0.355371900826446,0.458677685950413,"70"
"219",0.384428603054604,0.110663748950542,0.715706392566075,0.186356073211314,0.157883116053795,0.268647155060713,0.178700271897915,0.59504132231405,0.466942148760331,0.892561983471074,0.260330578512397,0.524793388429752,0.392561983471074,0.793388429752066,"50"
"220",0.272871963572214,0.217407929742373,0.58116413611478,0.281198003327787,0,0.150022705464472,0.0616037931752853,0.380165289256198,0.702479338842975,0.764462809917355,0.533057851239669,0,0.128099173553719,0.347107438016529,"30"
"221",0.219010354986537,0.238114863485783,0.372176700057696,0.281198003327787,0.0979731719510235,0.116560137256167,0.0671695956906221,0.285123966942149,0.731404958677686,0.351239669421488,0.533057851239669,0.28099173553719,0.0826446280991736,0.371900826446281,"20"
"222",0.279613881777448,0.293352630241162,0.352290709330552,0.281198003327787,0.163531660825361,0.222896173513432,0.0681985717390065,0.396694214876033,0.805785123966942,0.322314049586777,0.533057851239669,0.549586776859504,0.309917355371901,0.380165289256198,"30"
"223",0.263298705231252,0.550833991785754,0.29159700906516,0.24126455906822,0.111008778905366,0.200162277058985,0.0812773289373766,0.371900826446281,0.991735537190083,0.256198347107438,0.413223140495868,0.34297520661157,0.260330578512397,0.429752066115702,"30"
"224",0.380546502788659,0.171334643442437,0.652615753027708,0.24126455906822,0.241695342694742,0.191365454254099,0.0869925137993615,0.582644628099174,0.611570247933884,0.84297520661157,0.413223140495868,0.698347107438017,0.235537190082645,0.442148760330579,"50"
"225",0.237534837656123,0.278906694908447,0.28680439114345,0.24126455906822,0.04352615117677,0.150407655101418,0.0935746491455183,0.297520661157025,0.78099173553719,0.243801652892562,0.413223140495868,0.111570247933884,0.132231404958678,0.487603305785124,"20"
"226",0.25193854501895,0.0143662425934745,0.452449302368951,0.364392678868552,0.162998366877419,0.181184474970827,0.0145320338708004,0.334710743801653,0.169421487603306,0.504132231404959,0.615702479338843,0.545454545454545,0.21900826446281,0.0619834710743802,"30"
"227",0.36648812948193,0.107385024829941,0.540996611075896,0.281198003327787,0.270412828099895,0.312638171940048,0.0480767616605501,0.537190082644628,0.446280991735537,0.698347107438017,0.533057851239669,0.739669421487603,0.479338842975207,0.247933884297521,"50"
"228",0.311628690265258,0.275670185657097,0.545189279609403,0.281198003327787,0.158593939096132,0.169288601409184,0.0556971765263409,0.450413223140496,0.772727272727273,0.706611570247934,0.533057851239669,0.537190082644628,0.181818181818182,0.309917355371901,"40"
"229",0.349488305719386,0.344466078527962,0.572833493179729,0.24126455906822,0.19643065713001,0.231558808649556,0.062488577445387,0.508264462809917,0.892561983471074,0.743801652892562,0.413223140495868,0.628099173553719,0.330578512396694,0.355371900826446,"50"
"230",0.367695670369178,0.196165555903109,0.539563695103694,0.24126455906822,0.173328955156786,0.314851203478772,0.109130236982574,0.541322314049587,0.661157024793388,0.694214876033058,0.413223140495868,0.578512396694215,0.483471074380165,0.541322314049587,"50"
"231",0.555946938755141,0.446276499940461,0.573915859362991,0.599001663893511,0.237711890871732,0.333245652312154,0.135345402678473,0.793388429752066,0.971074380165289,0.747933884297521,0.830578512396694,0.673553719008264,0.512396694214876,0.65702479338843,"70"
"232",0.725624156077982,0.396146067739119,0.684820280784096,0.599001663893511,0.632858401327687,0.373679800505792,0.126646798948852,0.900826446280992,0.950413223140496,0.863636363636364,0.830578512396694,0.958677685950413,0.640495867768595,0.628099173553719,"80"
"233",0.202231741652427,0.0785887746502955,0.406339598446331,0.286189683860233,0.0807006998024083,0.108387730186772,0.0878894061513384,0.252066115702479,0.34297520661157,0.429752066115702,0.56198347107438,0.227272727272727,0.0619834710743802,0.450413223140496,"20"
"234",0.348033049401633,0.150349821290255,0.589185452475417,0.286189683860233,0.236312287989254,0.171200592592095,0.102182174311307,0.504132231404959,0.570247933884298,0.776859504132231,0.56198347107438,0.669421487603306,0.190082644628099,0.512396694214876,"40"
"235",0.354864637082677,0.301496283810568,0.597284078454319,0.286189683860233,0.130311980454585,0.199294675234766,0.114067086205666,0.520661157024793,0.826446280991736,0.78099173553719,0.56198347107438,0.40495867768595,0.252066115702479,0.56198347107438,"50"
"236",0.451666555350107,0.157184839782483,0.835591055049535,0.286189683860233,0.295139731380993,0.193690684414568,0.0692844001120042,0.673553719008264,0.590909090909091,0.975206611570248,0.56198347107438,0.760330578512397,0.243801652892562,0.392561983471074,"60"
"237",0.10896144159081,0,0,0.364392678868552,0.0336801853913031,0.188837513082468,0.0599856218473863,0.0991735537190083,0,0,0.615702479338843,0.0743801652892562,0.231404958677686,0.338842975206612,"0"
"239",0.210677398648035,0,0.481962854910036,0.37603993344426,0.0495218887695377,0.136705428557148,0.0188841931409696,0.276859504132231,0,0.570247933884298,0.648760330578512,0.140495867768595,0.0991735537190083,0.0785123966942149,"20"
"240",0.158004405265089,0,0.297344250900493,0.224625623960067,0.256369265186209,0.108289743794898,0.00823779915152693,0.194214876033058,0,0.268595041322314,0.355371900826446,0.71900826446281,0.0578512396694215,0.0330578512396694,"10"
"241",0.118648739546992,0,0.210779485265233,0.37603993344426,0.0507231039699868,0.112730443161387,0.0188841931409696,0.111570247933884,0,0.148760330578512,0.648760330578512,0.144628099173554,0.0743801652892562,0.0785123966942149,"10"
