"","GANG_PRESENCE","gang_affiliated_crime","graffiti","child_maltreatment","developmental_trauma","exposure_to_violence_and_racial_prejudice","community_disorganization","presence_of_illegal_firearms","school_violence_and_low_graduation","youth_with_disabilities","poverty","substance_abuse","GANG_PRESENCE_percentile","gang_affiliated_crime_percentile","graffiti_percentile","child_maltreatment_percentile","developmental_trauma_percentile","exposure_to_violence_and_racial_prejudice_percentile","community_disorganization_percentile","presence_of_illegal_firearms_percentile","school_violence_and_low_graduation_percentile","youth_with_disabilities_percentile","poverty_percentile","substance_abuse_percentile","GANG_PRESENCE_score"
"1",0.317060647705045,0.0381548836303438,0.118976639982891,0.135278713608213,0.202350089056006,0.123643462025364,0.338397460996729,0.0107326459895478,0.290526956805967,0,0.437177294184637,0.257655352658403,0.661157024793388,0.615702479338843,0.760330578512397,0.528925619834711,0.830578512396694,0.723140495867769,0.764462809917355,0.297520661157025,0.305785123966942,0,0.847107438016529,0.855371900826446,"60"
"2",0.51122080680814,1,0.244248148273663,0.176361115769315,0.310701789141655,0.182578032378639,0.408980438197413,0.0735475266301554,0.333707949095697,0,0.0496627259120298,0.306657613172917,0.892561983471074,1,0.921487603305785,0.640495867768595,0.954545454545455,0.888429752066116,0.859504132231405,0.636363636363636,0.632231404958678,0,0.119834710743802,0.909090909090909,"80"
"3",0.453301622639702,0.059074632491519,0.349005597153264,0.0412770899578287,0.217020881209748,0.34423987841534,0.51204572219729,0.328309146877748,0.431623591592826,0,0.124135449417787,0.341567778779191,0.847107438016529,0.694214876033058,0.954545454545455,0.214876033057851,0.863636363636364,0.971074380165289,0.946280991735537,0.958677685950413,0.946280991735537,0,0.371900826446281,0.921487603305785,"80"
"4",0.328329413429669,0,0.0318271415442777,0.192675634483661,0.239852567610252,0.158990347674667,0.217714725831842,0.0751677929480991,0.459260119274684,0.413409402695817,0.127465383672044,0.102320039415197,0.669421487603306,0,0.396694214876033,0.706611570247934,0.896694214876033,0.809917355371901,0.574380165289256,0.648760330578512,0.975206611570248,0.838842975206612,0.388429752066116,0.479338842975207,"60"
"5",0.284525870824047,0.0265779744946412,0.0775459898486013,0.168052511749093,0.140357570918727,0.173075488139591,0.229917956948812,0.0473028450459006,0.409995383639113,0.0640519568151147,0.266318591449579,0.159751690310261,0.603305785123967,0.545454545454545,0.636363636363636,0.62396694214876,0.685950413223141,0.863636363636364,0.611570247933884,0.557851239669422,0.888429752066116,0.202479338842975,0.685950413223141,0.677685950413223,"50"
"6",0.23972788108787,0,0.0789849723109345,0.15264187785969,0.175633815278602,0.158407178494303,0.218251426967695,0.0756695708292998,0.418672035171102,0.0851215162785958,0.0412266464167502,0.096797911999384,0.553719008264463,0,0.644628099173554,0.578512396694215,0.768595041322314,0.801652892561983,0.582644628099174,0.65702479338843,0.917355371900826,0.293388429752066,0.103305785123967,0.458677685950413,"50"
"7",0.869965225630158,0.263427200910231,0.871129098317499,0.137795120879563,0.329226626844058,0.847044334975369,0.627986483066283,0.197318007662835,0.354359721554336,0.542606856538577,0.167714421821575,0.842270215708491,0.995867768595041,0.958677685950413,1,0.541322314049587,0.966942148760331,0.995867768595041,0.975206611570248,0.913223140495868,0.760330578512397,0.942148760330578,0.5,0.995867768595041,"90"
"8",0.724474376284306,0.275458731721035,0.23586020013734,0.023819738878794,0.227456859601219,0.895032051282051,0.835716760435067,0.463948354111986,0.349666204967067,0.068843244923332,0.275705626149276,0.679961144346343,0.987603305785124,0.962809917355372,0.913223140495868,0.18595041322314,0.87603305785124,1,0.995867768595041,0.979338842975207,0.723140495867769,0.235537190082645,0.710743801652893,0.991735537190083,"90"
"9",0.189828168781313,0.0242662826795488,0.0360098177865701,0.0240905400229087,0.0354645979410639,0.0421298124191963,0.224164313914657,0.0317699019129681,0.412949484306693,0.0584808631886985,0.0933511127639048,0.227404182584241,0.367768595041322,0.528925619834711,0.429752066115702,0.190082644628099,0.272727272727273,0.347107438016529,0.590909090909091,0.458677685950413,0.896694214876033,0.190082644628099,0.28099173553719,0.805785123966942,"30"
"10",0.649239794716007,0.0963601709244059,0.42691673540869,0.294693080791639,0.264077240259064,0.341703340057117,0.622550697622828,0.198437462640174,0.34397412513485,0.180619075124868,0.68859981779501,0.434300312240835,0.962809917355372,0.78099173553719,0.962809917355372,0.896694214876033,0.921487603305785,0.966942148760331,0.971074380165289,0.917355371900826,0.673553719008264,0.5,0.950413223140496,0.975206611570248,"90"
"11",0.292437221540288,0.032682703035232,0.316964344035026,0.150639013809585,0.107258829706332,0.0893350810199945,0.365340742824455,0.0183867357613799,0.344669173622021,0,0.142593311297265,0.241266316428197,0.62396694214876,0.586776859504132,0.950413223140496,0.570247933884298,0.557851239669422,0.582644628099174,0.805785123966942,0.371900826446281,0.681818181818182,0,0.450413223140496,0.84297520661157,"60"
"12",0.506144941221132,0.0754305158489513,0.780641692318893,0.139219199296014,0.157268660706717,0.127281547035944,0.318227010822909,0.129927228623408,0.400718687424138,0.298935027076484,0.357365378400264,0.271796315724131,0.888429752066116,0.739669421487603,0.995867768595041,0.545454545454545,0.731404958677686,0.739669421487603,0.743801652892562,0.818181818181818,0.859504132231405,0.706611570247934,0.785123966942149,0.867768595041322,"80"
"13",0.523439512886412,0.116454896715708,0.261146517309995,0.224598592899975,0.245548396684548,0.218839646013074,0.363462692425633,0.040499455094863,0.404548949983296,0.490027453832977,0.392502956636882,0.40015140830893,0.90495867768595,0.834710743801653,0.925619834710744,0.768595041322314,0.900826446280992,0.933884297520661,0.793388429752066,0.524793388429752,0.867768595041322,0.900826446280992,0.809917355371901,0.958677685950413,"90"
"14",0.381768708264488,0.0652511059068436,0.181385625767527,0.0670351688384475,0.0953629472942006,0.168842711023039,0.537575310700453,0.1221372191864,0.344598574926504,0.375659476560253,0.0283766238015772,0.344449333306374,0.747933884297521,0.710743801652893,0.851239669421488,0.289256198347107,0.516528925619835,0.847107438016529,0.958677685950413,0.793388429752066,0.677685950413223,0.768595041322314,0.0495867768595041,0.925619834710744,"70"
"15",0.604009346362452,0.105829484374578,0.574894347296937,0.469947585134766,0.332008764386219,0.198169095510275,0.399140060807043,0.257629829205269,0.415739680955415,0.192700838881094,0.335007438328108,0.347099132105518,0.954545454545455,0.801652892561983,0.987603305785124,0.975206611570248,0.975206611570248,0.921487603305785,0.855371900826446,0.950413223140496,0.913223140495868,0.537190082644628,0.768595041322314,0.929752066115702,"90"
"16",0.504985443758874,0.159030948756976,0.449547084349927,0.341991526709944,0.0886388111487537,0.155530940393954,0.422510565365312,0.212861491628615,0.419576118744914,0.0730016822879116,0.432945615618079,0.294407064365568,0.884297520661157,0.90495867768595,0.971074380165289,0.929752066115702,0.487603305785124,0.793388429752066,0.871900826446281,0.921487603305785,0.921487603305785,0.252066115702479,0.84297520661157,0.900826446280992,"80"
"17",0.529677049911706,0.122597047032365,0.159646340002977,0.22873260323979,0.14023878916341,0.167756711119134,0.396694319744919,0.186530344512891,0.281041935014851,0.878156273640981,0.396275990114227,0.236526793695877,0.913223140495868,0.847107438016529,0.805785123966942,0.776859504132231,0.681818181818182,0.838842975206612,0.851239669421488,0.900826446280992,0.264462809917355,0.995867768595041,0.818181818181818,0.838842975206612,"90"
"18",0.535368169202694,0.161924392234655,0.278024379070393,0.2159167712867,0.283976010003803,0.180244119444597,0.428264062667293,0.10003676381958,0.309292955391699,0.407575567254,0.619643161063423,0.242525033522327,0.917355371900826,0.909090909090909,0.93801652892562,0.747933884297521,0.933884297520661,0.884297520661157,0.87603305785124,0.739669421487603,0.487603305785124,0.822314049586777,0.93801652892562,0.847107438016529,"90"
"19",0.443568939675658,0.126296915607309,0.26899011891193,0.121773798575378,0.144010960432958,0.205819338138475,0.514097692607647,0.370540121280496,0.330298416381528,0.0620014993060143,0.164599935652598,0.383049320817285,0.838842975206612,0.855371900826446,0.929752066115702,0.462809917355372,0.698347107438017,0.925619834710744,0.950413223140496,0.971074380165289,0.615702479338843,0.198347107438017,0.483471074380165,0.954545454545455,"80"
"20",0.754091854334306,0.599927269943347,0.71188009308715,0.279935971867242,0.23899972556443,0.310780942663981,0.502070201948595,0.33136276348696,0.34987937567451,0.0642579116601794,0.637850966074282,0.477437369993723,0.991735537190083,0.991735537190083,0.991735537190083,0.867768595041322,0.892561983471074,0.962809917355372,0.942148760330578,0.962809917355372,0.731404958677686,0.206611570247934,0.942148760330578,0.979338842975207,"90"
"21",0.359716374342411,0.0561029523630538,0.166526531766278,0.17465311074595,0.29118950476202,0.140729781713619,0.251380808892076,0.1130504917622,0.347476815554528,0.195297678513141,0.266052934536865,0.199466869470767,0.710743801652893,0.681818181818182,0.826446280991736,0.636363636363636,0.942148760330578,0.768595041322314,0.652892561983471,0.768595041322314,0.698347107438017,0.541322314049587,0.681818181818182,0.735537190082645,"70"
"22",0.410370055989628,0.0554567730863477,0.484280043377142,0.230381707104724,0.212173179603651,0.167871790108461,0.272394938671867,0.13500319937251,0.353628061771411,0.118798947955063,0.0924322634686043,0.37523446474584,0.789256198347107,0.677685950413223,0.975206611570248,0.785123966942149,0.859504132231405,0.84297520661157,0.694214876033058,0.830578512396694,0.752066115702479,0.359504132231405,0.276859504132231,0.942148760330578,"70"
"23",0.314317462345211,0.0268360130819678,0.093050727201072,0.100852523892797,0.066710647906493,0.0718356541576606,0.17359894229524,0.0351342442766391,0.428986296213364,0.524576543840724,0.287643375600471,0.127653180950639,0.652892561983471,0.549586776859504,0.694214876033058,0.413223140495868,0.396694214876033,0.466942148760331,0.487603305785124,0.471074380165289,0.942148760330578,0.925619834710744,0.727272727272727,0.578512396694215,"60"
"24",0.514198122502122,0.0290110602063955,0.130923600442021,0.292463487633556,0.22662460683198,0.116327491750232,0.539876801143534,0.0353120613324695,0.433511570086765,0.186441614239681,0.974149659863946,0.139185641512436,0.896694214876033,0.557851239669422,0.785123966942149,0.888429752066116,0.871900826446281,0.690082644628099,0.962809917355372,0.483471074380165,0.954545454545455,0.520661157024793,1,0.62396694214876,"80"
"25",0.231116677648527,0.0586490784919076,0.0347723984728234,0.129322452269407,0.0572059910851976,0.0433647279374195,0.108268639692961,0.0164974896310849,0.511325628880617,0.274831971874677,0.0850606449184146,0.131833734381178,0.520661157024793,0.690082644628099,0.417355371900826,0.504132231404959,0.355371900826446,0.355371900826446,0.285123966942149,0.355371900826446,0.991735537190083,0.677685950413223,0.243801652892562,0.59504132231405,"50"
"26",0.439370202589042,0.0490799371175538,0.0439977267220878,0.233877540467045,0.232681885616742,0.194221458755195,0.368893977398986,0.0716877109912754,0.413998002101729,0.352214153692794,0.491122595004651,0.215189933260616,0.834710743801653,0.661157024793388,0.512396694214876,0.793388429752066,0.884297520661157,0.913223140495868,0.814049586776859,0.628099173553719,0.90495867768595,0.760330578512397,0.87603305785124,0.768595041322314,"80"
"27",0.377130329054536,0.0322565706876325,0.184821813525241,0.218943159909879,0.104989713607627,0.137348705177548,0.333783618715778,0.066426947766092,0.413660380569165,0.345498525163218,0.312855573969479,0.153009159409401,0.743801652892562,0.582644628099174,0.855371900826446,0.752066115702479,0.545454545454545,0.760330578512397,0.752066115702479,0.615702479338843,0.900826446280992,0.747933884297521,0.756198347107438,0.661157024793388,"70"
"28",0.238628133090325,0.0228648751167134,0.0416279338290633,0.127091189039718,0.00727980708412397,0.116792077407886,0.168675440606835,0.0855970860566449,0.46406224620468,0.134697497420021,0.212957815985676,0.113340400117999,0.549586776859504,0.512396694214876,0.495867768595041,0.483471074380165,0.177685950413223,0.698347107438017,0.462809917355372,0.685950413223141,0.979338842975207,0.396694214876033,0.619834710743802,0.516528925619835,"50"
"29",0.201611750837474,0,0.0850610168999518,0.159177564668484,0.124301182063393,0.0869348538332647,0.140676271302828,0.0277265418085509,0.457042644431456,0,0.0412109096222991,0.156745197715166,0.400826446280992,0,0.669421487603306,0.607438016528926,0.632231404958678,0.566115702479339,0.396694214876033,0.433884297520661,0.971074380165289,0,0.0991735537190083,0.669421487603306,"30"
"30",0.272786910196028,0,0.0272056951998099,0.259607864584758,0.120405643536728,0.0603207374448043,0.187751665288852,0,0.448327281516322,0.255752427638595,0.193485017167939,0.141556864357075,0.590909090909091,0,0.347107438016529,0.84297520661157,0.607438016528926,0.417355371900826,0.520661157024793,0,0.962809917355372,0.644628099173554,0.582644628099174,0.636363636363636,"50"
"31",0.173462644551211,0.0106055069462772,0.095272738537102,0.0514698053066676,0.0524787184788239,0.0954234837210537,0.158492121885059,0.0774536971247217,0.339026648922478,0.0681570346215119,0.0287403876345646,0.137415057154004,0.309917355371901,0.388429752066116,0.702479338842975,0.243801652892562,0.334710743801653,0.607438016528926,0.433884297520661,0.661157024793388,0.648760330578512,0.231404958677686,0.0537190082644628,0.619834710743802,"30"
"32",0.186267994136593,0.0116392626919764,0.0138036282941179,0.0979930792157866,0.121259323915508,0.0608237130928959,0.0935521106750482,0.0392883135787066,0.405959599362197,0.143367698722789,0.0204204037340167,0.181188654631716,0.351239669421488,0.396694214876033,0.260330578512397,0.409090909090909,0.619834710743802,0.425619834710744,0.231404958677686,0.516528925619835,0.871900826446281,0.413223140495868,0.0454545454545455,0.71900826446281,"30"
"33",0.241754247761413,0.0271681661379514,0.0107442954455122,0.104878982199696,0.0805111930512661,0.0977566602794124,0.162864872518264,0.0355691056910569,0.440062932598013,0.261897189278256,0.203421369855847,0.0883625810710313,0.557851239669422,0.553719008264463,0.223140495867769,0.425619834710744,0.471074380165289,0.636363636363636,0.450413223140496,0.487603305785124,0.958677685950413,0.661157024793388,0.603305785123967,0.421487603305785,"50"
"34",0.115878095185802,0.0295334200162059,0.00164473308907343,0,0,0.00280280661167088,0.0534617479411712,0,0.504604084520739,0.0948992981067627,0.0353466395266452,0.0560505752869495,0.148760330578512,0.56198347107438,0.140495867768595,0,0,0.136363636363636,0.0785123966942149,0,0.987603305785124,0.309917355371901,0.0826446280991736,0.31404958677686,"10"
"35",0.184234363134907,0,0.00562436487251284,0.000484698313336811,0,0,0.135496953322684,0,0.249610370196208,0.49725969854213,0.232896320035984,0.0560505752869495,0.338842975206612,0,0.18595041322314,0.128099173553719,0,0,0.392561983471074,0,0.152892561983471,0.90495867768595,0.632231404958678,0.31404958677686,"30"
"36",0.183662560173785,0.0151750614845369,0.0561494853363316,0,0.0452285219535872,0.0970722597857612,0.169635941747952,0,0.218071566033318,0.243808993814345,0.197621532047739,0.13132130065223,0.334710743801653,0.446280991735537,0.557851239669422,0,0.305785123966942,0.628099173553719,0.471074380165289,0,0.107438016528926,0.632231404958678,0.590909090909091,0.590909090909091,"30"
"37",0.158606603514265,0,0.0407118718516155,0.0568870248878109,0.0928051865907654,0.0808404105174707,0.118064479773327,0.0128007773265208,0.211754669621758,0.287994649272204,0.0597491117594498,0.066194020958314,0.272727272727273,0,0.487603305785124,0.260330578512397,0.504132231404959,0.516528925619835,0.326446280991736,0.31404958677686,0.0950413223140496,0.694214876033058,0.161157024793388,0.347107438016529,"20"
"38",0.17757567737661,0,0.0129792793058506,0.210250544087195,0.0172900938000458,0.0209159729921569,0.112176650928434,0,0.220294034989666,0.219455983816783,0.105048996036753,0.220136479692572,0.318181818181818,0,0.252066115702479,0.739669421487603,0.21900826446281,0.210743801652893,0.305785123966942,0,0.111570247933884,0.59504132231405,0.322314049586777,0.793388429752066,"30"
"39",0.203548345779662,0.0117584610652202,0.00640464876028674,0.211777980668795,0.142525509469379,0.107580129287235,0.0959695876902978,0,0.214073104575928,0.352644017480285,0.0339780498873059,0.113470981885035,0.409090909090909,0.400826446280992,0.194214876033058,0.743801652892562,0.690082644628099,0.652892561983471,0.243801652892562,0,0.103305785123967,0.764462809917355,0.0743801652892562,0.520661157024793,"40"
"40",0.163027330409196,0,0.0289573191075975,0.123069670443394,0.07804853298897,0.0342714244380015,0.116237584595121,0.0131257836288734,0.31824048217674,0.123491897395288,0.128724576639306,0.0894441554863755,0.28099173553719,0,0.371900826446281,0.466942148760331,0.458677685950413,0.297520661157025,0.318181818181818,0.318181818181818,0.545454545454545,0.371900826446281,0.396694214876033,0.43801652892562,"20"
"41",0.188450750150705,0,0.0387795617131272,0.153583352351686,0.0462946899756154,0.0289329418231261,0.132774231026937,0,0.380865799627989,0.23298628293185,0.135122552938501,0.0526998091257791,0.363636363636364,0,0.462809917355372,0.586776859504132,0.309917355371901,0.256198347107438,0.388429752066116,0,0.826446280991736,0.619834710743802,0.429752066115702,0.285123966942149,"30"
"42",0.365818563928907,0.0172040000878175,0.0381445979478036,0.458833911934419,0.186014502991815,0.111372748198474,0.446381727224126,0.0418811792428667,0.408595150527641,0.101349154351993,0.273210839731326,0.154565659618886,0.723140495867769,0.495867768595041,0.454545454545455,0.966942148760331,0.809917355371901,0.665289256198347,0.900826446280992,0.533057851239669,0.880165289256198,0.318181818181818,0.702479338842975,0.665289256198347,"70"
"43",0.302640958465994,0.0196552416067823,0.0103189922350865,0.0836228856639707,0.0187737347821285,0.0550994808895783,0.121728504958199,0.0514660697041524,0.359881308606879,1,0.057159765273246,0.0910020399930147,0.648760330578512,0.504132231404959,0.214876033057851,0.355371900826446,0.223140495867769,0.400826446280992,0.34297520661157,0.570247933884298,0.78099173553719,1,0.148760330578512,0.442148760330579,"60"
"44",0.199531893610479,0,0.0385599798996617,0.0880515645490929,0.121088002263724,0.050488697838945,0.128566250164087,0.0264147361959226,0.346249050740277,0.180142636323289,0.134638037098237,0.152534540550403,0.392561983471074,0,0.458677685950413,0.363636363636364,0.615702479338843,0.384297520661157,0.367768595041322,0.417355371900826,0.685950413223141,0.495867768595041,0.425619834710744,0.65702479338843,"30"
"45",0.266583789186148,0.0138052076176382,0.0120696515449396,0.177347897714157,0.180268140934605,0.0838218862774912,0.237957197424477,0.0931989147860402,0.36181441412133,0.0739334462682789,0.243428902461448,0.180552284853436,0.578512396694215,0.429752066115702,0.239669421487603,0.644628099173554,0.78099173553719,0.533057851239669,0.62396694214876,0.723140495867769,0.785123966942149,0.260330578512397,0.648760330578512,0.714876033057851,"50"
"46",0.225436720150051,0.0440300604017418,0.121294705675233,0.0686122246594223,0.0433212008754401,0.107785395528758,0.226030388703435,0.0247705670272042,0.423957170023617,0,0.176569074240899,0.181601067144796,0.5,0.648760330578512,0.764462809917355,0.297520661157025,0.301652892561983,0.65702479338843,0.599173553719008,0.40495867768595,0.93801652892562,0,0.533057851239669,0.723140495867769,"40"
"47",0.178489645323916,0,0.0208268285299507,0.0185531512025819,0.00563597967803146,0.0369700547712882,0.110743121911488,0.0199175100147586,0.420938054375444,0.265444921601918,0.1835562982195,0.0612980712523448,0.326446280991736,0,0.309917355371901,0.173553719008264,0.161157024793388,0.334710743801653,0.297520661157025,0.380165289256198,0.925619834710744,0.665289256198347,0.553719008264463,0.326446280991736,"30"
"48",0.386572128439886,0,0.0397722070227446,0.522677360009199,0.0541232701673176,0.0529642559421147,0.546358429871247,0.0235348156452417,0.347861708329477,0.57129749822988,0.0937991729545394,0.106328855213979,0.752066115702479,0,0.479338842975207,0.987603305785124,0.34297520661157,0.392561983471074,0.966942148760331,0.396694214876033,0.706611570247934,0.966942148760331,0.285123966942149,0.504132231404959,"70"
"49",0.196581526209114,0,0.0815441023825589,0.105653207161015,0.0567599010235417,0.0781744716720484,0.0890441478812821,0.0350774845928319,0.329281450139663,0.265451728405559,0.0609683164634651,0.147553759784696,0.384297520661157,0,0.65702479338843,0.429752066115702,0.351239669421488,0.495867768595041,0.214876033057851,0.466942148760331,0.607438016528926,0.669421487603306,0.169421487603306,0.648760330578512,"30"
"50",0.716995910746663,0.0636511320946289,0.217408655181728,0.187809426615397,0.316250315244056,0.432984527909901,0.828748636178876,0.607427149964463,0.330856752719155,0.0852205139714959,0.578518698211253,0.638932099906577,0.975206611570248,0.702479338842975,0.90495867768595,0.681818181818182,0.962809917355372,0.983471074380165,0.991735537190083,0.991735537190083,0.62396694214876,0.297520661157025,0.913223140495868,0.987603305785124,"90"
"51",0.352171745616898,0.0922052784543518,0.170226457003307,0.179813684928585,0.135609976592245,0.120758978069949,0.23980260351968,0.0224463251242347,0.287544505715985,0.414794584682611,0.375288969873448,0.119388831592529,0.702479338842975,0.768595041322314,0.838842975206612,0.669421487603306,0.673553719008264,0.71900826446281,0.636363636363636,0.388429752066116,0.293388429752066,0.84297520661157,0.793388429752066,0.537190082644628,"60"
"52",0.583076306155457,0.16408417526043,0.165024743182612,0.349424953464895,0.310305037096577,0.174160757405536,0.491757370550669,0.125598000895729,0.300678677465231,0.212364274555939,0.783264471423587,0.429291873601899,0.950413223140496,0.913223140495868,0.822314049586777,0.933884297520661,0.950413223140496,0.880165289256198,0.933884297520661,0.801652892561983,0.40495867768595,0.578512396694215,0.975206611570248,0.966942148760331,"90"
"53",0.36707752589026,0.141964908466716,0.206582202092338,0.32419308511186,0.133951863465201,0.0840871337780221,0.270855186735327,0.0319468222264494,0.343930512256721,0.197675280077691,0.372685862818779,0.137030725447631,0.727272727272727,0.884297520661157,0.888429752066116,0.913223140495868,0.665289256198347,0.537190082644628,0.690082644628099,0.462809917355372,0.669421487603306,0.545454545454545,0.789256198347107,0.615702479338843,"70"
"54",0.723545250823917,0.422620579763437,0.300388144556417,0.385190575190575,0.374764741700226,0.352382625954055,0.459569816518235,0.723083798083798,0.275227924211135,0.308636456004877,0.0907513929669618,0.633428412634757,0.983471074380165,0.987603305785124,0.946280991735537,0.954545454545455,0.987603305785124,0.975206611570248,0.909090909090909,1,0.235537190082645,0.71900826446281,0.272727272727273,0.983471074380165,"90"
"55",0.52246131805933,0.104129293734636,0.428571919611677,0.190275683757844,0.199759580865916,0.162642017141718,0.520837159994127,0.150327774455739,0.34957655314454,0,0.721440992839913,0.324509063098062,0.900826446280992,0.797520661157025,0.966942148760331,0.690082644628099,0.826446280991736,0.818181818181818,0.954545454545455,0.855371900826446,0.71900826446281,0,0.966942148760331,0.917355371900826,"80"
"56",0.256163317679453,0.106093598393393,0.0706605489571329,0.113152686482334,0.113385831452335,0.116111155469077,0.162223385067198,0.185445515014304,0.320280377076562,0.0757575505657209,0.075802036741554,0.258448140083742,0.570247933884298,0.805785123966942,0.62396694214876,0.446280991735537,0.578512396694215,0.685950413223141,0.446280991735537,0.896694214876033,0.549586776859504,0.268595041322314,0.206611570247934,0.859504132231405,"50"
"57",0.287015385417458,0.0699315520811023,0.0864574163416537,0.17314163431105,0.119799324128258,0.112372831441422,0.272632784991639,0.0680961602532067,0.334157064013167,0.179768010731476,0.261243143398361,0.0998823986832071,0.607438016528926,0.727272727272727,0.673553719008264,0.632231404958678,0.603305785123967,0.669421487603306,0.698347107438017,0.619834710743802,0.636363636363636,0.491735537190083,0.677685950413223,0.466942148760331,"60"
"58",0.576794416818828,0.215419682946944,0.185519930843789,0.283062047590592,0.39451778435308,0.194044065299678,0.470290893659222,0.214952604946191,0.37179137598428,0.179460517875831,0.579504461250687,0.380715849742926,0.946280991735537,0.946280991735537,0.859504132231405,0.871900826446281,0.991735537190083,0.909090909090909,0.913223140495868,0.925619834710744,0.805785123966942,0.487603305785124,0.921487603305785,0.950413223140496,"90"
"59",0.316635955581716,0.0543858279329221,0.0652660355476073,0.270749009025562,0.182901384391461,0.079272397609071,0.34889242988045,0,0.34221396937796,0.0800970361776184,0.430465067314815,0.0961708910049584,0.65702479338843,0.673553719008264,0.599173553719008,0.847107438016529,0.789256198347107,0.504132231404959,0.776859504132231,0,0.65702479338843,0.28099173553719,0.838842975206612,0.454545454545455,"60"
"60",0.719845646849068,0.213700964967485,0.157247624388375,0.284476260401371,0.553170207474776,0.493961469881073,0.649462127131763,0.314090797846304,0.314726726537001,0.184875956410851,0.707176659896067,0.431556530420756,0.979338842975207,0.942148760330578,0.801652892561983,0.87603305785124,1,0.987603305785124,0.979338842975207,0.954545454545455,0.520661157024793,0.512396694214876,0.958677685950413,0.971074380165289,"90"
"61",1,0.320940251720933,0.159655814117837,0.249187379190687,0.551844461280719,0.669206080610315,0.937524752857683,0.661608225824236,0.314033869648452,0.145435868865017,0.796698861621778,1.1339155598118,1,0.971074380165289,0.809917355371901,0.818181818181818,0.995867768595041,0.991735537190083,1,0.995867768595041,0.516528925619835,0.421487603305785,0.979338842975207,1,"90"
"62",0.44394171846137,0,0.13308046609067,0.253357076248487,0.274442604718758,0.0966819913815013,0.438934382705203,0.046861118275872,0.391823807045727,0.422673526736625,0.519753683244808,0.116045829888058,0.84297520661157,0,0.789256198347107,0.838842975206612,0.929752066115702,0.62396694214876,0.888429752066116,0.545454545454545,0.847107438016529,0.859504132231405,0.896694214876033,0.524793388429752,"80"
"63",0.425204825739383,0.0798277381334393,0.116926903164702,0.186853690950386,0.206583793103052,0.164631758230004,0.311046234161694,0.0942272494978667,0.329549881246047,0.397589384735772,0.489667119926368,0.207360427203247,0.822314049586777,0.752066115702479,0.743801652892562,0.677685950413223,0.847107438016529,0.826446280991736,0.739669421487603,0.727272727272727,0.611570247933884,0.801652892561983,0.859504132231405,0.756198347107438,"80"
"64",0.263915310653822,0.0346959332314981,0.0652202415035145,0.091988884782934,0.0956863649315397,0.0745057669743862,0.226990692913587,0.120309029392014,0.316806825866808,0.167231887249504,0.233563138715595,0.215619984629926,0.574380165289256,0.603305785123967,0.59504132231405,0.37603305785124,0.520661157024793,0.483471074380165,0.603305785123967,0.78099173553719,0.537190082644628,0.446280991735537,0.636363636363636,0.772727272727273,"50"
"65",0.291557063946555,0.0804559641881763,0.0599313777769491,0.131022741652323,0.125835837193451,0.06206949044918,0.238911820078086,0.0753827080638206,0.326844750371095,0.301615941535598,0.295748218956653,0.10617883801714,0.619834710743802,0.756198347107438,0.566115702479339,0.508264462809917,0.636363636363636,0.429752066115702,0.628099173553719,0.652892561983471,0.582644628099174,0.714876033057851,0.739669421487603,0.5,"60"
"66",0.420813813815055,0.16911613954442,0.082186413886926,0.166189508722933,0.365221340175289,0.250740216426824,0.331735927862353,0.15845230002266,0.351978910258101,0.181139456390807,0.338553077393819,0.163315148187456,0.805785123966942,0.921487603305785,0.661157024793388,0.619834710743802,0.983471074380165,0.950413223140496,0.747933884297521,0.863636363636364,0.739669421487603,0.504132231404959,0.772727272727273,0.685950413223141,"80"
"67",0.269020679870317,0.0158924515291636,0.0233102594089905,0.358417541509535,0.18572652772435,0.0955862209908206,0.19846321152082,0.133946739541927,0.348782220484478,0,0.137940622162829,0.174359279613238,0.582644628099174,0.471074380165289,0.326446280991736,0.93801652892562,0.805785123966942,0.615702479338843,0.545454545454545,0.826446280991736,0.710743801652893,0,0.43801652892562,0.706611570247934,"50"
"68",0.301446146066331,0.0524339243894279,0.113018905629479,0.096546768350047,0.0632216514315933,0.1008871631881,0.236837769130382,0.173409445745511,0.350557201461035,0.177845433255269,0.283062306300747,0.213911864164894,0.644628099173554,0.669421487603306,0.735537190082645,0.396694214876033,0.388429752066116,0.640495867768595,0.619834710743802,0.884297520661157,0.735537190082645,0.479338842975207,0.723140495867769,0.760330578512397,"60"
"69",0.497894960959679,0.11617003928545,0.155659565677562,0.229212447424589,0.184810184089273,0.213044064378287,0.484885644955138,0.149037630024955,0.347689127795763,0.0711023723417951,0.693171428989919,0.363863468661939,0.87603305785124,0.830578512396694,0.797520661157025,0.78099173553719,0.797520661157025,0.929752066115702,0.925619834710744,0.851239669421488,0.702479338842975,0.243801652892562,0.954545454545455,0.93801652892562,"80"
"70",0.501482677790419,0.0345034453911014,0.167222912683961,0.194739947814381,0.0868267763311609,0.0860141486268393,0.44264879023904,0.0952878589407715,0.32178035532982,0.517390563788111,0.889572761550408,0.19360433217613,0.880165289256198,0.599173553719008,0.834710743801653,0.710743801652893,0.479338842975207,0.549586776859504,0.896694214876033,0.731404958677686,0.557851239669422,0.921487603305785,0.995867768595041,0.731404958677686,"80"
"71",0.423633277032282,0.152525960312594,0.195461144319495,0.279351687363132,0.203308215159247,0.157315676353077,0.294762856758367,0.0599070100143061,0.347232885783008,0.432929964395968,0.331215374279032,0.121078341398101,0.814049586776859,0.896694214876033,0.867768595041322,0.863636363636364,0.834710743801653,0.797520661157025,0.731404958677686,0.586776859504132,0.694214876033058,0.871900826446281,0.764462809917355,0.553719008264463,"80"
"72",0.438455780252791,0.151812352280212,0.0425730876078312,0.612277341966113,0.184173469119924,0.1532794351702,0.383647980520305,0.179196614230178,0.352950961418835,0,0.398709882919271,0.20300518716038,0.830578512396694,0.888429752066116,0.5,1,0.793388429752066,0.789256198347107,0.838842975206612,0.892561983471074,0.743801652892562,0,0.822314049586777,0.743801652892562,"80"
"73",0.425202631053332,0.0942442221732246,0.0547870340521864,0.290529773818675,0.207153585260353,0.185116175859125,0.350216064496965,0.221499228286797,0.29765182012879,0.19067297822218,0.406534524608703,0.285845960361663,0.818181818181818,0.772727272727273,0.549586776859504,0.880165289256198,0.851239669421488,0.896694214876033,0.78099173553719,0.942148760330578,0.367768595041322,0.533057851239669,0.830578512396694,0.896694214876033,"80"
"74",0.400717737662375,0.234026191222805,0.0380354605483617,0.178409512221052,0.125907647929543,0.268211109732747,0.345526734997123,0.335121163025679,0.302309012174807,0.0438662507633147,0.153916954426049,0.415972869148675,0.776859504132231,0.954545454545455,0.450413223140496,0.652892561983471,0.640495867768595,0.958677685950413,0.772727272727273,0.966942148760331,0.421487603305785,0.165289256198347,0.475206611570248,0.962809917355372,"70"
"75",0.421034822266812,0.139627600338545,0.0675090207703163,0.35884979838441,0.205885374231771,0.132361022591378,0.283006142312878,0.12104056231161,0.327748003897956,0.44866328590419,0.270172890888009,0.205055035611833,0.809917355371901,0.87603305785124,0.611570247933884,0.942148760330578,0.838842975206612,0.747933884297521,0.710743801652893,0.785123966942149,0.599173553719008,0.87603305785124,0.690082644628099,0.752066115702479,"80"
"76",0.22411421068015,0.0396025218259233,0.0143475258476323,0.160684176431059,0.00630440178365101,0.0463812896222023,0.123596911765058,0,0.355655246092219,0.540830319364343,0.0993179467544084,0.0235303991467177,0.487603305785124,0.62396694214876,0.264462809917355,0.615702479338843,0.169421487603306,0.371900826446281,0.355371900826446,0,0.768595041322314,0.933884297520661,0.305785123966942,0.111570247933884,"40"
"77",0.143159633666167,0.0333248280334684,0.028065740527138,0.157399647229966,0.0106100872170487,0.0246388518826563,0.0562924541902062,0.062377514822257,0.348805256290584,0.116005687359725,0.0891187484374854,0.0109804099531121,0.227272727272727,0.590909090909091,0.363636363636364,0.603305785123967,0.190082644628099,0.239669421487603,0.0867768595041322,0.599173553719008,0.714876033057851,0.351239669421488,0.260330578512397,0.0454545454545455,"20"
"78",0.279060706930981,0.0450670002300437,0.115348997085101,0.19098865216015,0.0762257480130902,0.0910513882253013,0.266670750994575,0.0910862855609232,0.294969111986784,0.13033180778032,0.34182099568978,0.0874803329415721,0.599173553719008,0.652892561983471,0.739669421487603,0.694214876033058,0.454545454545455,0.586776859504132,0.681818181818182,0.714876033057851,0.334710743801653,0.380165289256198,0.776859504132231,0.417355371900826,"50"
"79",0.225130147356743,0.0604054653022682,0.0645732860304758,0.15294706342865,0.107078018998882,0.105463393681726,0.1873275868489,0.0367625567696389,0.31063066317296,0.0727874928113485,0.19138182558396,0.126824658897997,0.495867768595041,0.698347107438017,0.586776859504132,0.582644628099174,0.549586776859504,0.644628099173554,0.512396694214876,0.504132231404959,0.495867768595041,0.247933884297521,0.574380165289256,0.574380165289256,"40"
"80",0.219139406944448,0.0662797090416984,0.0247676532380076,0.23831715904318,0.103483522412575,0.0737205918711247,0.122878026249809,0.018643921452536,0.342572563092025,0.275093484154436,0.0536491182820859,0.0618009369248017,0.475206611570248,0.714876033057851,0.330578512396694,0.801652892561983,0.537190082644628,0.475206611570248,0.351239669421488,0.37603305785124,0.665289256198347,0.681818181818182,0.136363636363636,0.334710743801653,"40"
"81",0.226009007493567,0.016046216379478,0.0146197374199576,0.252151116599622,0.137547076244443,0.0354902407848011,0.142461147916573,0,0.340597659908771,0.189057248582648,0.204741109052589,0.0886014470419234,0.504132231404959,0.475206611570248,0.272727272727273,0.830578512396694,0.677685950413223,0.309917355371901,0.40495867768595,0,0.652892561983471,0.528925619834711,0.611570247933884,0.429752066115702,"40"
"82",0.205582796858007,0.0415539823947396,0.0124145691623151,0.191527944339748,0.122056107359245,0.0854574573533371,0.0941388321746365,0.0233775674338035,0.336823629476696,0.244795451881374,0.0730101322966539,0.076904392039065,0.421487603305785,0.640495867768595,0.247933884297521,0.698347107438017,0.62396694214876,0.545454545454545,0.235537190082645,0.392561983471074,0.640495867768595,0.636363636363636,0.198347107438017,0.392561983471074,"40"
"83",0.360890848772584,0.091403493424314,0.0317700833055029,0.359602459714727,0.059954631952538,0.0830791512359179,0.39362562500948,0.128396384749722,0.315905279464566,0.432399737862722,0.211294129438612,0.101353356827103,0.714876033057851,0.764462809917355,0.392561983471074,0.946280991735537,0.371900826446281,0.524793388429752,0.847107438016529,0.805785123966942,0.528925619834711,0.867768595041322,0.615702479338843,0.471074380165289,"70"
"84",0.141367673481769,0.0307756504663721,0.0588899696423418,0.11578608002663,0.0304005838229317,0.0402551137293405,0.0789344893170836,0.0115425735013364,0.346896147973613,0.065927292457949,0.0804980965903245,0.0672513511029037,0.214876033057851,0.570247933884298,0.56198347107438,0.450413223140496,0.252066115702479,0.34297520661157,0.152892561983471,0.305785123966942,0.690082644628099,0.21900826446281,0.227272727272727,0.355371900826446,"20"
"85",0.290761873943365,0.0741858373568115,0.0840406212313517,0.222527343064122,0.0871621347185703,0.0623258980913056,0.169176927553354,0.0582753479125249,0.310963209455184,0.42113843256252,0.273392757229081,0.0361666762628939,0.615702479338843,0.735537190082645,0.665289256198347,0.760330578512397,0.483471074380165,0.43801652892562,0.466942148760331,0.582644628099174,0.504132231404959,0.855371900826446,0.706611570247934,0.173553719008264,"60"
"86",0.216249966735481,0,0.0658601433345817,0.192135281184194,0.0395622954651706,0.0359519827998089,0.0992142481427734,0.0493697161835749,0.324410870819017,0.412717391304348,0.108436442332726,0.0366790950961633,0.458677685950413,0,0.603305785123967,0.702479338842975,0.293388429752066,0.318181818181818,0.264462809917355,0.56198347107438,0.574380165289256,0.834710743801653,0.334710743801653,0.177685950413223,"40"
"87",0.120199514434821,0.017180237656757,0.0298840107378145,0.0950535466937401,0.0365977544109784,0.0269132005578829,0.0999826264354491,0.00966531102926131,0.297763000238361,0,0.179290279937363,0.0112427807754749,0.161157024793388,0.487603305785124,0.384297520661157,0.388429752066116,0.276859504132231,0.247933884297521,0.268595041322314,0.289256198347107,0.371900826446281,0,0.541322314049587,0.0495867768595041,"10"
"88",0.100069383770862,0.0213719794905362,0.0505423443623005,0.0636515943646528,0.0701390428506325,0.021261785179311,0.0677886583876911,0.0240470281277841,0.327108390332847,0,0.0176451221268803,0.0224924524691157,0.111570247933884,0.508264462809917,0.545454545454545,0.285123966942149,0.417355371900826,0.214876033057851,0.107438016528926,0.400826446280992,0.590909090909091,0,0.0247933884297521,0.103305785123967,"10"
"89",0.0590328969194686,0,0.00497325170995488,0.0446508650128148,0.0221585953054288,0.0176058193655502,0.0478243174042488,0,0.307842869357472,0,0,0.00141219414026176,0.0578512396694215,0,0.173553719008264,0.227272727272727,0.231404958677686,0.198347107438017,0.0578512396694215,0,0.466942148760331,0,0,0.0165289256198347,"0"
"90",0.190286129778312,0.0168543252892846,0.0346269794182614,0.208476684244525,0.0553129037114744,0.0306299654876891,0.0704978156993678,0,0.315946884231688,0.415209432796082,0.0313093325544034,0.033890268129482,0.371900826446281,0.483471074380165,0.413223140495868,0.731404958677686,0.347107438016529,0.268595041322314,0.12396694214876,0,0.533057851239669,0.847107438016529,0.0619834710743802,0.148760330578512,"30"
"91",0.0827033160142865,0.0173419199212158,0.0394743680603689,0.0710832003500761,0.014302030980035,0.0213318680467513,0.0251170388991199,0.0113521939506603,0.281004651176417,0.0650119547736542,0.0290713101506989,0.00957074806559089,0.0950413223140496,0.5,0.475206611570248,0.301652892561983,0.206611570247934,0.21900826446281,0.0165289256198347,0.301652892561983,0.260330578512397,0.214876033057851,0.0578512396694215,0.0371900826446281,"0"
"92",0.371372692918836,0.198750871853402,0.112605986850803,0.340351440244916,0.0189837206305571,0.105518966164772,0.364552681528562,0.0260208610741234,0.323410105370577,0.45769430233373,0.236991396700607,0.0850994265740728,0.731404958677686,0.933884297520661,0.731404958677686,0.921487603305785,0.227272727272727,0.648760330578512,0.797520661157025,0.409090909090909,0.566115702479339,0.880165289256198,0.640495867768595,0.40495867768595,"70"
"93",0.225013123292001,0,0.03338675752147,0.0582021712624701,0.0590086038718858,0.0916439439251606,0.190812993187382,0.0260694592671647,0.32782610210675,0.426557321799697,0.146506080688143,0.0554853643863385,0.491735537190083,0,0.400826446280992,0.272727272727273,0.367768595041322,0.59504132231405,0.524793388429752,0.413223140495868,0.603305785123967,0.863636363636364,0.458677685950413,0.305785123966942,"40"
"94",0.398404935230558,0.0642262929268093,0.149536889886001,0.460090729217235,0.288298933059427,0.134908925340294,0.264846503563319,0.0601094855612928,0.306035324439785,0.292367968113054,0.18851672730271,0.21886245216662,0.772727272727273,0.706611570247934,0.793388429752066,0.971074380165289,0.93801652892562,0.756198347107438,0.677685950413223,0.590909090909091,0.458677685950413,0.698347107438017,0.56198347107438,0.78099173553719,"70"
"95",0.538297996372374,0.134801391821096,0.207574915857381,0.36119821855454,0.257200372547981,0.145959824248002,0.474646712608381,0.188017697500456,0.298009630552276,0.210014691902169,0.824133113084176,0.142971654583752,0.921487603305785,0.867768595041322,0.892561983471074,0.950413223140496,0.913223140495868,0.78099173553719,0.917355371900826,0.90495867768595,0.37603305785124,0.570247933884298,0.987603305785124,0.640495867768595,"90"
"96",0.544856478659566,0.335602049782543,0.0665079949856409,0.317347948996267,0.294872173230158,0.197889157929474,0.388654071844894,0.218985286263159,0.299805900016558,0.390449763733259,0.490549247295454,0.282154563102265,0.929752066115702,0.975206611570248,0.607438016528926,0.90495867768595,0.946280991735537,0.917355371900826,0.84297520661157,0.933884297520661,0.396694214876033,0.793388429752066,0.863636363636364,0.892561983471074,"90"
"97",0.48911236883002,0.108510270020771,0.166639966318644,0.223951668208534,0.256678826410965,0.185674756046323,0.380792302163019,0.10605591455753,0.281080728103202,0.542382450471899,0.514424172656303,0.191180117949795,0.867768595041322,0.814049586776859,0.830578512396694,0.764462809917355,0.909090909090909,0.900826446280992,0.830578512396694,0.756198347107438,0.268595041322314,0.93801652892562,0.892561983471074,0.727272727272727,"80"
"98",0.388586815783295,0.411028061893522,0.126451732495281,0.239057228868401,0.123894486603555,0.149625774173374,0.288162354225078,0.219818165923595,0.342360790455195,0,0.190310449125353,0.279770739516304,0.756198347107438,0.983471074380165,0.772727272727273,0.805785123966942,0.628099173553719,0.785123966942149,0.727272727272727,0.93801652892562,0.661157024793388,0,0.570247933884298,0.880165289256198,"70"
"99",0.344836508662603,0.126207923981317,0.117682272458028,0.222202689529352,0.19152979567468,0.113051954152574,0.383642807048523,0.100477185895027,0.320645718301312,0,0.463068971977128,0.0765460695234855,0.694214876033058,0.851239669421488,0.756198347107438,0.756198347107438,0.822314049586777,0.677685950413223,0.834710743801653,0.743801652892562,0.553719008264463,0,0.851239669421488,0.388429752066116,"60"
"100",0.410124246695303,0.115706902916205,0.0711909615325753,0.272217400266496,0.313516017893362,0.125646468088329,0.220974998354523,0.249328883146713,0.358693028701527,0.309832721338229,0.189304646520912,0.26980824909012,0.785123966942149,0.826446280991736,0.628099173553719,0.855371900826446,0.958677685950413,0.731404958677686,0.586776859504132,0.946280991735537,0.776859504132231,0.723140495867769,0.566115702479339,0.863636363636364,"70"
"101",0.476917269930317,0.208706397512122,0.214915903041599,0.155252986672628,0.0752603268435138,0.143277689300884,0.428312414725696,0.0735866644733235,0.293899819210304,0.387915256144968,0.685492906274964,0.219553005531875,0.863636363636364,0.93801652892562,0.900826446280992,0.59504132231405,0.442148760330579,0.776859504132231,0.880165289256198,0.640495867768595,0.322314049586777,0.789256198347107,0.946280991735537,0.785123966942149,"80"
"102",0.342976866769541,0.117529058867642,0.089127148602701,0.104409710538319,0.205889566223577,0.119835164835165,0.1876034554793,0.0881598133566637,0.353954320096483,0.398635170603674,0.273155814355541,0.165899146826935,0.690082644628099,0.838842975206612,0.681818181818182,0.421487603305785,0.84297520661157,0.706611570247934,0.516528925619835,0.702479338842975,0.756198347107438,0.805785123966942,0.698347107438017,0.690082644628099,"60"
"103",0.465522595484475,0.0253329777260531,0.274819650403998,0.319659908746806,0.147663224784472,0.174083409801332,0.364646343917212,0.189673380101079,0.298874935760795,0.257773251866938,0.494157713087064,0.272963833137408,0.855371900826446,0.533057851239669,0.933884297520661,0.909090909090909,0.710743801652893,0.87603305785124,0.801652892561983,0.909090909090909,0.392561983471074,0.652892561983471,0.884297520661157,0.87603305785124,"80"
"104",0.394380042032794,0,0.125725369289296,0.512647580301925,0.236075699088644,0.13449224333847,0.357190975592336,0.0160008045392954,0.272845613061861,0.0913912066752246,0.49080761875639,0.167124865113119,0.760330578512397,0,0.768595041322314,0.983471074380165,0.888429752066116,0.752066115702479,0.785123966942149,0.351239669421488,0.223140495867769,0.305785123966942,0.867768595041322,0.702479338842975,"70"
"105",0.707467464842239,0.931193825079941,0.200348447916339,0.233840375696093,0.260098330503679,0.16637442827892,0.475795344132639,0.47589609800363,0.308422575141984,0.39895883083389,0.50074571818251,0.280504666958552,0.971074380165289,0.995867768595041,0.884297520661157,0.789256198347107,0.917355371900826,0.830578512396694,0.921487603305785,0.983471074380165,0.475206611570248,0.809917355371901,0.888429752066116,0.888429752066116,"90"
"106",0.395491470029733,0.155930951615619,0.180150972821204,0.151021098738874,0.132052023171334,0.0972440783795654,0.337757893073881,0.0875991106825244,0.313672396358163,0.109203336209376,0.616490596434903,0.229668291541447,0.768595041322314,0.900826446280992,0.847107438016529,0.574380165289256,0.652892561983471,0.632231404958678,0.760330578512397,0.698347107438017,0.512396694214876,0.330578512396694,0.933884297520661,0.818181818181818,"70"
"107",0.552303104605674,0.11372335600907,0.130660179777255,0.293739845339845,0.337160061443932,0.241984510727368,0.371117601424058,0.452492063492064,0.385384495229459,0.472008020050125,0.255894724836042,0.272128420519416,0.93801652892562,0.822314049586777,0.78099173553719,0.892561983471074,0.979338842975207,0.946280991735537,0.818181818181818,0.975206611570248,0.830578512396694,0.888429752066116,0.669421487603306,0.871900826446281,"90"
"108",0.548166007490762,0.152385813947835,0.218031966732193,0.396299326118962,0.132679929596148,0.126547146914681,0.765617207999543,0.175869207645624,0.270963000767569,0.0408049219526611,0.742694345866715,0.280247083110983,0.933884297520661,0.892561983471074,0.909090909090909,0.958677685950413,0.661157024793388,0.735537190082645,0.987603305785124,0.888429752066116,0.210743801652893,0.161157024793388,0.971074380165289,0.884297520661157,"90"
"109",0.544073957899039,0.135516645049719,0.381383040767134,0.251652236892185,0.265806870005439,0.167388055092335,0.499198384667999,0.141385646346736,0.330904551643834,0.165887091269029,0.719340152380065,0.219786946184387,0.925619834710744,0.871900826446281,0.958677685950413,0.826446280991736,0.925619834710744,0.834710743801653,0.93801652892562,0.84297520661157,0.628099173553719,0.442148760330579,0.962809917355372,0.789256198347107,"90"
"110",0.634228416957445,0.362849826822989,0.495320939257537,0.566284749579188,0.217174083972179,0.141885542177257,0.436172659881263,0.154989952029042,0.302080404549659,0.287598517881635,0.585564576797397,0.2546709156309,0.958677685950413,0.979338842975207,0.983471074380165,0.995867768595041,0.867768595041322,0.772727272727273,0.884297520661157,0.859504132231405,0.417355371900826,0.690082644628099,0.929752066115702,0.851239669421488,"90"
"111",0.491991637131141,0.165112726506532,0.117666939080426,0.179084481198542,0.331706751355981,0.253376415046769,0.440228520008361,0.113340571397356,0.357786285805767,0.176851420586865,0.542561337501987,0.296465557571663,0.871900826446281,0.917355371900826,0.752066115702479,0.65702479338843,0.971074380165289,0.954545454545455,0.892561983471074,0.772727272727273,0.772727272727273,0.471074380165289,0.900826446280992,0.90495867768595,"80"
"112",0.524863533373669,0.118461829176115,0.159949236402982,0.202253018586352,0.175413551800649,0.0966400662829234,0.487267648954881,0,0.431957392220867,0.685172932330827,0.581538161771695,0.227440888783721,0.909090909090909,0.84297520661157,0.814049586776859,0.723140495867769,0.764462809917355,0.619834710743802,0.929752066115702,0,0.950413223140496,0.979338842975207,0.925619834710744,0.809917355371901,"90"
"113",0.215022189031926,0.0716915969077352,0.0181306988670319,0.128482211521357,0.134394496348631,0.0679466177034621,0.0877285837446937,0.0469300352225424,0.254746270240955,0.379143283280247,0.0322359244047927,0.13573969869869,0.446280991735537,0.731404958677686,0.297520661157025,0.495867768595041,0.669421487603306,0.454545454545455,0.202479338842975,0.549586776859504,0.165289256198347,0.772727272727273,0.0661157024793388,0.607438016528926,"40"
"114",0.210203656313643,0.0313114966985326,0.116991630209362,0.0532304835535379,0.0918895249824623,0.09207661263986,0.132538783044083,0.0352306365522225,0.272217038037584,0.226378722135736,0.171714155075626,0.105458627422225,0.43801652892562,0.578512396694215,0.747933884297521,0.256198347107438,0.5,0.599173553719008,0.384297520661157,0.479338842975207,0.21900826446281,0.607438016528926,0.520661157024793,0.495867768595041,"40"
"115",0.339414008466526,0.108376768750702,0.0432347587770596,0.154869110841157,0.229522316365986,0.112394835756607,0.287374818968639,0.136902240777717,0.307936075451441,0,0.382584458963721,0.320202195710503,0.681818181818182,0.809917355371901,0.508264462809917,0.590909090909091,0.880165289256198,0.673553719008264,0.723140495867769,0.834710743801653,0.471074380165289,0,0.801652892561983,0.913223140495868,"60"
"116",0.322852695350966,0.0264742647679859,0.10448209786998,0.133699817781052,0.113017418286817,0.0320929602501082,0.284635595394232,0.0471182649481692,0.403407186366653,0.226851627116745,0.489575655358315,0.125353922315123,0.665289256198347,0.541322314049587,0.727272727272727,0.516528925619835,0.574380165289256,0.28099173553719,0.714876033057851,0.553719008264463,0.863636363636364,0.611570247933884,0.855371900826446,0.566115702479339,"60"
"117",0.35333311728534,0.0829463210680215,0.0991042717924323,0.247312406342693,0.127960275703825,0.0794164435175827,0.299464923163128,0.21762217900034,0.423886000335916,0.0444216960851699,0.164793613661812,0.377732420842354,0.706611570247934,0.760330578512397,0.710743801652893,0.814049586776859,0.648760330578512,0.508264462809917,0.735537190082645,0.929752066115702,0.933884297520661,0.173553719008264,0.487603305785124,0.946280991735537,"70"
"118",0.403432131135634,0.0947393873449094,0.176598684303571,0.340390605433449,0.151007573973785,0.139486621492334,0.281756664561844,0.159649493987799,0.305111829244343,0.215634134527051,0.41369335274231,0.179081814418032,0.78099173553719,0.776859504132231,0.84297520661157,0.925619834710744,0.723140495867769,0.764462809917355,0.706611570247934,0.867768595041322,0.446280991735537,0.582644628099174,0.834710743801653,0.710743801652893,"70"
"119",0.468169637683488,0.228648751167134,0.48920527313067,0.291564847983353,0.170794460257221,0.132229311997235,0.33547392969757,0.111323869825708,0.291672955513357,0.177555792053664,0.387949331117177,0.218684150139165,0.859504132231405,0.950413223140496,0.979338842975207,0.884297520661157,0.756198347107438,0.743801652892562,0.756198347107438,0.764462809917355,0.31404958677686,0.475206611570248,0.805785123966942,0.776859504132231,"80"
"120",0.21534088431644,0.0150344384329074,0.093186019661179,0.0170053444630399,0.127576399539047,0.0205306226811062,0.225307366764554,0.09288264392515,0.349675442411788,0.185188091098011,0.130941642098559,0.101702022521231,0.450413223140496,0.442148760330579,0.698347107438017,0.169421487603306,0.644628099173554,0.206611570247934,0.59504132231405,0.71900826446281,0.727272727272727,0.516528925619835,0.409090909090909,0.475206611570248,"40"
"121",0.221962683291774,0.0367037470725995,0.0371575963733611,0.141895544346364,0.107217874140666,0.0527107578214136,0.205621400367967,0.0275318761384335,0.327121453670791,0.111387402933563,0.242240257190537,0.108101714905277,0.483471074380165,0.611570247933884,0.43801652892562,0.553719008264463,0.553719008264463,0.388429752066116,0.56198347107438,0.429752066115702,0.59504132231405,0.338842975206612,0.644628099173554,0.508264462809917,"40"
"122",0.142519910448202,0.0139549275207465,0.0192987892491195,0.0770857705412679,0.0685776915900628,0.0136285414286536,0.0885645463151149,0.0157016122330258,0.29179512535955,0.246626382710703,0.0858581080173236,0.0127928791221154,0.223140495867769,0.433884297520661,0.301652892561983,0.34297520661157,0.413223140495868,0.181818181818182,0.210743801652893,0.347107438016529,0.318181818181818,0.640495867768595,0.247933884297521,0.0578512396694215,"20"
"123",0.125829879301381,0.015233915570719,0.0146217256500655,0.0501103196245062,0,0.0664424301288968,0.0559542192442216,0,0.296618163534103,0.236596082981489,0.0799840612712114,0.0208832005871532,0.165289256198347,0.450413223140496,0.276859504132231,0.235537190082645,0,0.450413223140496,0.0826446280991736,0,0.347107438016529,0.628099173553719,0.223140495867769,0.0950413223140496,"10"
"124",0.209096540598382,0.0133867179158659,0.162917699623591,0.0573239303463519,0.114208062105212,0.0729364969858243,0.218135840706193,0.017526158445441,0.266020974959199,0.0573537880575879,0.292588115249322,0.0501763287824421,0.433884297520661,0.417355371900826,0.818181818181818,0.264462809917355,0.586776859504132,0.471074380165289,0.578512396694215,0.363636363636364,0.198347107438017,0.18595041322314,0.735537190082645,0.264462809917355,"40"
"125",0.229954752128022,0.0678771736070508,0.0631605799288558,0.0754819919440201,0.05028745959796,0.0369130698769171,0.170106425123719,0.101712899802941,0.300629188555397,0.3998659677844,0.128974996800396,0.0493394151414574,0.516528925619835,0.723140495867769,0.582644628099174,0.338842975206612,0.322314049586777,0.330578512396694,0.475206611570248,0.747933884297521,0.400826446280992,0.814049586776859,0.40495867768595,0.256198347107438,"50"
"126",0.167752033231642,0,0.0391490965566865,0.0302471766460686,0.0540879203526643,0.0176721789291041,0.183720316539222,0,0.290133192539939,0.215895903192885,0.198821512100453,0.0514680360347117,0.293388429752066,0,0.471074380165289,0.198347107438017,0.338842975206612,0.202479338842975,0.508264462809917,0,0.301652892561983,0.586776859504132,0.59504132231405,0.272727272727273,"20"
"127",0.235312380490879,0.0154291818029672,0.0105314160276983,0.142062991411761,0.107695885879677,0.0296605606508439,0.264057786598143,0.0375605862219466,0.267585720688313,0.0661044797231864,0.491008060372949,0.0439315702225427,0.541322314049587,0.458677685950413,0.21900826446281,0.557851239669422,0.56198347107438,0.260330578512397,0.673553719008264,0.512396694214876,0.206611570247934,0.223140495867769,0.871900826446281,0.239669421487603,"50"
"128",0.103553353006299,0,0.0202674270738093,0.079415540994645,0.057540084529988,0.0339934944749649,0.0811151973984712,0.0124977261827984,0.256908267155329,0.0594856690766953,0.0755653598295298,0.0295998478063019,0.136363636363636,0,0.305785123966942,0.347107438016529,0.359504132231405,0.289256198347107,0.169421487603306,0.309917355371901,0.169421487603306,0.194214876033058,0.202479338842975,0.12396694214876,"10"
"129",0.158218691090579,0,0.0351044998877954,0.0927233587111388,0.0497476074721328,0.02305550864614,0.130210305553979,0.0361815713139542,0.298734215830859,0.199805104317914,0.109811556298623,0.0501637522298235,0.268595041322314,0,0.421487603305785,0.380165289256198,0.318181818181818,0.227272727272727,0.380165289256198,0.5,0.388429752066116,0.553719008264463,0.338842975206612,0.260330578512397,"20"
"130",0.137294231705494,0,0.0355853093275747,0.0615005020449147,0.06559568924159,0.0536847822664442,0.117866116350339,0.114363032701142,0.302332607135297,0.0736217334166361,0.0346799238199818,0.0441459586959115,0.198347107438017,0,0.425619834710744,0.28099173553719,0.392561983471074,0.396694214876033,0.322314049586777,0.776859504132231,0.425619834710744,0.256198347107438,0.0785123966942149,0.243801652892562,"10"
"131",0.376392066319396,0.0566889117971533,0.101245310802689,0.274906728429326,0.143470641445018,0.188395109131911,0.374588551422952,0.122056589441701,0.271300718882408,0.136618226157875,0.272835453286363,0.357177779394062,0.739669421487603,0.685950413223141,0.71900826446281,0.859504132231405,0.694214876033058,0.90495867768595,0.826446280991736,0.789256198347107,0.214876033057851,0.400826446280992,0.694214876033058,0.933884297520661,"70"
"132",0.170834302051736,0.050817753221403,0.209506107420523,0.0950963434757524,0.0331820664549223,0.035523640416055,0.165935162336703,0.0494840134973595,0.264039922449287,0,0.132098189566665,0.0635071311080829,0.305785123966942,0.665289256198347,0.896694214876033,0.392561983471074,0.264462809917355,0.31404958677686,0.454545454545455,0.566115702479339,0.190082644628099,0,0.413223140495868,0.34297520661157,"20"
"133",0.167909377249487,0,0.0925663743828596,0.111448261448261,0.0515475152571927,0.0317550210407353,0.0991143907084318,0.0637699387699388,0.294185414831751,0.224462877094456,0.0729518498979577,0.0403123001664239,0.297520661157025,0,0.690082644628099,0.43801652892562,0.330578512396694,0.276859504132231,0.256198347107438,0.611570247933884,0.326446280991736,0.599173553719008,0.194214876033058,0.202479338842975,"20"
"134",0.217644942775754,0.0137822626742294,0.017394648876925,0.0910518423814823,0.080658862776636,0.0744043137533442,0.177588607937566,0.123771416846209,0.263516773158325,0.199288526024202,0.276755795887449,0.0542686085633883,0.462809917355372,0.425619834710744,0.289256198347107,0.371900826446281,0.475206611570248,0.479338842975207,0.5,0.797520661157025,0.18595041322314,0.549586776859504,0.714876033057851,0.297520661157025,"40"
"135",0.211608764679606,0.0148578443919873,0.0342369115608056,0.127247028341992,0.0679355609358242,0.0914241740739849,0.27900636631679,0.0361697303514942,0.301303329050745,0.159141632700106,0.150520718467505,0.0753977612342849,0.442148760330579,0.43801652892562,0.40495867768595,0.487603305785124,0.409090909090909,0.590909090909091,0.702479338842975,0.495867768595041,0.409090909090909,0.433884297520661,0.466942148760331,0.384297520661157,"40"
"136",0.14902962834534,0.0123255082379773,0.0778404763533563,0.0356857015816553,0.0164056631416318,0.0621433864786466,0.171065849639391,0.0461418478759519,0.295046833052149,0.0330044765091921,0.173720931382487,0.0485089359860705,0.239669421487603,0.40495867768595,0.640495867768595,0.206611570247934,0.214876033057851,0.433884297520661,0.479338842975207,0.541322314049587,0.34297520661157,0.152892561983471,0.524793388429752,0.252066115702479,"20"
"137",0.17353506532514,0,0.0957080495236583,0.12321101533093,0.0464396398885589,0.0450881826952491,0.126191742856949,0.0627676659528908,0.304078076406213,0.119819677673842,0.139398312582544,0.0522556466212826,0.31404958677686,0,0.706611570247934,0.471074380165289,0.31404958677686,0.367768595041322,0.363636363636364,0.607438016528926,0.43801652892562,0.363636363636364,0.442148760330579,0.28099173553719,"30"
"138",0.128083801549917,0,0.00847622139915474,0.0723608056398502,0.0704388637876081,0.0332695655171225,0.0848881179202624,0,0.262832794679901,0.209751033392384,0.0764361071559378,0.0311495276085582,0.169421487603306,0,0.206611570247934,0.309917355371901,0.421487603305785,0.285123966942149,0.194214876033058,0,0.181818181818182,0.566115702479339,0.210743801652893,0.128099173553719,"10"
"139",0.0659885796146676,0,0.00167625460102491,0,0,0,0.0327512601259102,0,0.127499051219809,0.257261426407069,0.0336734540930654,0.0342153474622143,0.0661157024793388,0,0.144628099173554,0,0,0,0.0330578512396694,0,0.0743801652892562,0.648760330578512,0.0702479338842975,0.15702479338843,"0"
"140",0.100267819702784,0,0,0,0,0.00193780911291171,0.0778371702111929,0,0.315042620537242,0.120287997696018,0.12827985615636,0.0438214587666339,0.115702479338843,0,0,0,0,0.12396694214876,0.144628099173554,0,0.524793388429752,0.367768595041322,0.392561983471074,0.235537190082645,"10"
"141",0.232179523604014,0,0,0,0,0,0.454392982151358,0,0.111803176996853,0,0.856926391120199,0.0342153474622143,0.537190082644628,0,0,0,0,0,0.90495867768595,0,0.0702479338842975,0,0.991735537190083,0.15702479338843,"50"
"142",0.0866466318201078,0,0.000451674753712466,0.019066036215564,0,0,0.122174801217609,0,0.284162607231772,0.0466573948401727,0.0843387087652139,0.0508320495204785,0.0991735537190083,0,0.103305785123967,0.177685950413223,0,0,0.347107438016529,0,0.28099173553719,0.177685950413223,0.239669421487603,0.268595041322314,"0"
"143",0.102928151656441,0,0.00058643228482489,0.00029392381705549,0,0,0.0729417643196907,0,0.290842084228883,0.176373103577449,0.108196390137874,0.053504846319842,0.128099173553719,0,0.107438016528926,0.12396694214876,0,0,0.132231404958678,0,0.309917355371901,0.466942148760331,0.330578512396694,0.293388429752066,"10"
"144",0.297749725822012,0,0.0169602641809891,0.199050453700428,0.149436953643112,0.173594787940726,0.239149879922781,0.042908647022086,0.594218887908208,0,0.377465814411035,0.0473661894424203,0.636363636363636,0,0.285123966942149,0.71900826446281,0.71900826446281,0.867768595041322,0.632231404958678,0.537190082644628,1,0,0.797520661157025,0.247933884297521,"60"
"145",0.0484529697987148,0,0.00615236211100884,0,0,0,0.11278345308872,0,0,0.02975501288117,0.169320153662524,0.06668887315929,0.0454545454545455,0,0.190082644628099,0,0,0,0.309917355371901,0,0,0.148760330578512,0.508264462809917,0.351239669421488,"0"
"146",0.100658731611118,0,0,0,0,0,0.0792163605590431,0,0.353450063155253,0.0981005331226679,0.124291716764715,0.0344304728595023,0.119834710743802,0,0,0,0,0,0.161157024793388,0,0.747933884297521,0.31404958677686,0.37603305785124,0.165289256198347,"10"
"147",0.141373983277347,0,0.000839553046850388,0,0,0,0.0920554289615296,0,0.518788094929322,0.114032585028906,0.167048051848209,0.0344304728595023,0.21900826446281,0,0.119834710743802,0,0,0,0.223140495867769,0,0.995867768595041,0.34297520661157,0.491735537190083,0.165289256198347,"20"
"148",0.202583599216847,0.0675291380313247,0.0408573108046329,0.0804694646272085,0.165015453644741,0.160066907405167,0.260690036739593,0.0969310812848741,0.264092938122309,0,0.0601566133304195,0.0887411135897341,0.40495867768595,0.71900826446281,0.491735537190083,0.351239669421488,0.747933884297521,0.814049586776859,0.665289256198347,0.735537190082645,0.194214876033058,0,0.165289256198347,0.433884297520661,"30"
"149",0.152032519413642,0,0,0.0167074091917516,0,0,0.0363510593974509,0,0.37881476352523,0.482105751504719,0.0366562629785662,0.0387859350528514,0.256198347107438,0,0,0.165289256198347,0,0,0.0454545454545455,0,0.822314049586777,0.892561983471074,0.0867768595041322,0.194214876033058,"20"
"150",0.113524916389726,0,0.0272206751541185,0.00227527803285379,0.0313351995023549,0.0234971594062503,0.179240329681906,0.017944597490052,0.298458342693058,0,0.1703245849898,0.0143087369979356,0.144628099173554,0,0.351239669421488,0.148760330578512,0.260330578512397,0.231404958677686,0.504132231404959,0.367768595041322,0.384297520661157,0,0.512396694214876,0.0661157024793388,"10"
"151",0.215692394000698,0,0.0502901751370211,0.127571984089745,0.0998803488547056,0.0433816640840322,0.176949254387986,0.0105175816289917,0.338730859542824,0.344184465469378,0.150762425633126,0.0188134694676164,0.454545454545455,0,0.541322314049587,0.491735537190083,0.533057851239669,0.359504132231405,0.491735537190083,0.293388429752066,0.644628099173554,0.743801652892562,0.471074380165289,0.0909090909090909,"40"
"152",0.670520166825211,0.13039770363591,0.186855648072447,0.449673451508047,0.246948838622003,0.398086603262783,0.697942967603234,0.606876496473177,0.272933522880168,0.500478190233884,0.292498055723149,0.233780305909416,0.966942148760331,0.859504132231405,0.863636363636364,0.962809917355372,0.90495867768595,0.979338842975207,0.983471074380165,0.987603305785124,0.227272727272727,0.913223140495868,0.731404958677686,0.830578512396694,"90"
"153",0.242137510864315,0,0.000654022352896468,0,0,0,0.17745541146968,0.0133310402003845,0.412245159184129,0.552032486359572,0.317283420141777,0.0424733869064968,0.56198347107438,0,0.111570247933884,0,0,0,0.495867768595041,0.322314049586777,0.892561983471074,0.950413223140496,0.760330578512397,0.206611570247934,"50"
"154",0.152609844031374,0,0.0131255945922373,0.013443119268362,0.00838880505651567,0.068063942529962,0.193609282324363,0.0172477199176228,0.415521179111512,0.183438472615785,0.0111404199544424,0.0688132006999879,0.260330578512397,0,0.256198347107438,0.161157024793388,0.18595041322314,0.462809917355372,0.533057851239669,0.359504132231405,0.909090909090909,0.508264462809917,0.012396694214876,0.363636363636364,"20"
"155",0.201597340189598,0,0,0.02444729710455,0,0.00226429895877906,0.342594833118281,0,0.409272417193579,0.0741106081420925,0.300746944280032,0.12535565085842,0.396694214876033,0,0,0.194214876033058,0,0.132231404958678,0.768595041322314,0,0.884297520661157,0.264462809917355,0.743801652892562,0.570247933884298,"30"
"156",0.270631382203938,0.0387290878987817,0.00320681380453673,0.0747541681636129,0.15737064131108,0.114022037899827,0.267876846121724,0.170338897537912,0.45373032136045,0.155559500723787,0.14335063655771,0.102889775235017,0.586776859504132,0.619834710743802,0.15702479338843,0.334710743801653,0.735537190082645,0.681818181818182,0.685950413223141,0.880165289256198,0.966942148760331,0.425619834710744,0.454545454545455,0.483471074380165,"50"
"157",0.138247757314878,0,0.00672549479400329,0.00028386236112384,0.00653321152669251,0.00510352995918022,0.124250190768131,0,0.241427025054958,0.175830282332171,0.213997314691486,0.134791646184843,0.206611570247934,0,0.198347107438017,0.119834710743802,0.173553719008264,0.15702479338843,0.359504132231405,0,0.12396694214876,0.462809917355372,0.62396694214876,0.599173553719008,"10"
"158",0.090410579041187,0,0.00173263857625142,0,0,0,0.0725829865475929,0,0.378437253600358,0,0.0570976893099849,0.119807497467072,0.103305785123967,0,0.148760330578512,0,0,0,0.128099173553719,0,0.818181818181818,0,0.144628099173554,0.541322314049587,"0"
"159",0.018751121696725,0,0.0115305800272995,0,0,0,0.0699134862980642,0,0,0,0.0869773753581109,0.0428721659641328,0.0165289256198347,0,0.231404958677686,0,0,0,0.119834710743802,0,0,0,0.252066115702479,0.210743801652893,"0"
"160",0.150385633793876,0.0309929204239835,0.0261879786157067,0.0946620634605131,0.0409011106943402,0.0396071651677964,0.128861852296358,0.0270510335917313,0.29440424341615,0.0885236346680655,0.0897336970577118,0.11888058375084,0.243801652892562,0.574380165289256,0.34297520661157,0.384297520661157,0.297520661157025,0.338842975206612,0.371900826446281,0.421487603305785,0.330578512396694,0.301652892561983,0.264462809917355,0.533057851239669,"20"
"161",0.138035643831515,0,0.0375418781794119,0.112585705831175,0.0249107431867702,0.0565947506639434,0.119407588943008,0.0292671359392941,0.301724898007863,0.0838037883386015,0.0369128449705352,0.104954856119975,0.202479338842975,0,0.446280991735537,0.442148760330579,0.243801652892562,0.40495867768595,0.334710743801653,0.446280991735537,0.413223140495868,0.289256198347107,0.0909090909090909,0.491735537190083,"10"
"162",0.165335323801661,0,0.00732323451942972,0.179452658758549,0.0373532756251412,0.0362081540000934,0.198214441207796,0.0289260152332836,0.296700892808276,0,0.179764222846075,0.1031431302325,0.285123966942149,0,0.202479338842975,0.661157024793388,0.28099173553719,0.322314049586777,0.541322314049587,0.43801652892562,0.355371900826446,0,0.545454545454545,0.487603305785124,"20"
"163",0.194106326245026,0.0401817762280792,0.0116789421270391,0.11887668910282,0.0511729152675822,0.0845306628642953,0.200489037389471,0.070142378559464,0.305471938142707,0,0.185652116441919,0.166861324479353,0.380165289256198,0.628099173553719,0.235537190082645,0.458677685950413,0.326446280991736,0.541322314049587,0.557851239669422,0.62396694214876,0.454545454545455,0,0.557851239669422,0.698347107438017,"30"
"164",0.160200972874965,0,0.0458735226054383,0.0978631670519346,0.104263903693978,0.0445111570696594,0.129057809674698,0,0.247763550677864,0.141711888571237,0.0982610017519917,0.127804497923589,0.276859504132231,0,0.520661157024793,0.40495867768595,0.541322314049587,0.363636363636364,0.37603305785124,0,0.148760330578512,0.409090909090909,0.301652892561983,0.582644628099174,"20"
"165",0.339665291461913,0.0765838403088275,0.00475062230841959,0.142651697098422,0.187941982930314,0.119508720855565,0.249745583518309,0.169723789977766,0.304407042516982,0.109371427542689,0.491695162778599,0.228484758674928,0.685950413223141,0.743801652892562,0.169421487603306,0.56198347107438,0.814049586776859,0.702479338842975,0.648760330578512,0.87603305785124,0.442148760330579,0.334710743801653,0.880165289256198,0.814049586776859,"60"
"166",0.410836476025868,0.306762575846545,0.101843900134375,0.250536028259164,0.178256389736013,0.11678352842108,0.358533198687322,0.0739626149931494,0.294972989053021,0.0645409030503446,0.55388201869895,0.200304290251714,0.793388429752066,0.966942148760331,0.723140495867769,0.822314049586777,0.772727272727273,0.694214876033058,0.789256198347107,0.644628099173554,0.338842975206612,0.210743801652893,0.909090909090909,0.739669421487603,"70"
"167",0.23167686799668,0.0428831367827729,0.0483717901122877,0.171023087236456,0.0608080889212918,0.158641629710391,0.200049715832938,0.0374289727383004,0.368290700704567,0.0765531910603938,0.140437397566484,0.149915567567994,0.533057851239669,0.644628099173554,0.533057851239669,0.628099173553719,0.380165289256198,0.805785123966942,0.553719008264463,0.508264462809917,0.801652892561983,0.276859504132231,0.446280991735537,0.652892561983471,"50"
"168",0.37378903891399,0.109465216986403,0.0274610665309507,0.234246212163422,0.118556710967181,0.0872688684088619,0.262299947004122,0.0136851731131392,0.303390798623849,0.586238248816304,0.308544400768216,0.232930301787829,0.735537190082645,0.818181818181818,0.355371900826446,0.797520661157025,0.59504132231405,0.574380165289256,0.669421487603306,0.330578512396694,0.433884297520661,0.971074380165289,0.747933884297521,0.826446280991736,"70"
"169",0.460734426206769,0.172512796052028,0.0456208335364692,0.226518483395329,0.156489620832073,0.125280899272809,0.368017913668237,0.102344719832199,0.246072426588965,0.564598217001345,0.579228700682621,0.205009580659062,0.851239669421488,0.925619834710744,0.516528925619835,0.772727272727273,0.727272727272727,0.727272727272727,0.809917355371901,0.752066115702479,0.132231404958678,0.958677685950413,0.917355371900826,0.747933884297521,"80"
"170",0.205155586372675,0.0154196182605274,0.070168073572716,0.15531709872619,0.091127865902426,0.0580036062422426,0.192092339178499,0.0779126492194674,0.229835782811176,0.115611135276207,0.168870255357054,0.125207487910576,0.413223140495868,0.454545454545455,0.615702479338843,0.599173553719008,0.495867768595041,0.413223140495868,0.528925619834711,0.669421487603306,0.115702479338843,0.347107438016529,0.504132231404959,0.56198347107438,"40"
"171",0.117475424422749,0,0.0399912306599221,0,0,0.00340677840677841,0.119104315922375,0,0.246141574891761,0.0672869041290094,0.230812761201983,0.0809253167894963,0.15702479338843,0,0.483471074380165,0,0,0.152892561983471,0.330578512396694,0,0.136363636363636,0.227272727272727,0.628099173553719,0.400826446280992,"10"
"172",0.150570890067502,0,0.000780110296510039,0.0734560814162804,0.0676963896170284,0.0269069158683587,0.0606822386538212,0,0.233235204539665,0.381125076372523,0.0510595723974936,0.0859462628818616,0.247933884297521,0,0.115702479338843,0.322314049586777,0.40495867768595,0.243801652892562,0.0950413223140496,0,0.119834710743802,0.776859504132231,0.12396694214876,0.413223140495868,"20"
"173",0.145664181681788,0,0.0289857534397247,0.0425423241952568,0.0230356668178193,0.0785746245998306,0.105823431079343,0.0203519685463457,0.246376892714,0.20342628262367,0.0833142246771605,0.119810186855624,0.231404958677686,0,0.37603305785124,0.223140495867769,0.235537190082645,0.5,0.28099173553719,0.384297520661157,0.140495867768595,0.557851239669422,0.235537190082645,0.545454545454545,"20"
"174",0.131401837949541,0,0,0.131981951856756,0.00531215969653044,0.00158343221723503,0.096889558885892,0,0.244004864208316,0.134032263757987,0.114706870631641,0.140463398468513,0.177685950413223,0,0,0.512396694214876,0.15702479338843,0.119834710743802,0.252066115702479,0,0.128099173553719,0.392561983471074,0.351239669421488,0.632231404958678,"10"
"175",0.129404566782514,0,0.0084851050692077,0.00169062348374575,0.0332499882612575,0.0341505360541933,0.0623879039170694,0,0.266307189851205,0.294527120202252,0.0399399073032973,0.116575595345765,0.173553719008264,0,0.210743801652893,0.144628099173554,0.268595041322314,0.293388429752066,0.0991735537190083,0,0.202479338842975,0.702479338842975,0.0950413223140496,0.528925619834711,"10"
"176",0.205337015692119,0,0,0,0,0,0.166963395668211,0,0.252560332754776,0.58979470318689,0.25111989498622,0.0401868121191933,0.417355371900826,0,0,0,0,0,0.458677685950413,0,0.161157024793388,0.975206611570248,0.65702479338843,0.198347107438017,"40"
"177",0.103521788806929,0,0.00136843939574651,0,0,0,0.0790342979935978,0,0.279623691356752,0.17259241776589,0.155226965103177,0.0183585238234029,0.132231404958678,0,0.132231404958678,0,0,0,0.15702479338843,0,0.243801652892562,0.450413223140496,0.479338842975207,0.0867768595041322,"10"
"178",0.139849261085779,0.0129567625661376,0.0214270953386188,0.0503762810620449,0.0804775238948626,0.0606801199379324,0.0899632208280965,0,0.280134928777672,0.173474049707602,0.0903683258483034,0.0584341985065329,0.210743801652893,0.413223140495868,0.31404958677686,0.239669421487603,0.466942148760331,0.421487603305785,0.21900826446281,0,0.252066115702479,0.454545454545455,0.268595041322314,0.318181818181818,"20"
"179",0.178097573830856,0.0103467284598575,0.0611413786912271,0.0971302013656097,0.118758431982874,0.0752622833518439,0.0843395712345448,0.013546143537132,0.212420948128611,0.310305223755354,0.018997261265629,0.13934681588043,0.322314049586777,0.384297520661157,0.574380165289256,0.400826446280992,0.599173553719008,0.491735537190083,0.190082644628099,0.326446280991736,0.0991735537190083,0.727272727272727,0.0371900826446281,0.628099173553719,"30"
"180",0.109966269674036,0,0.0034846724911309,0.000578379499948127,0.076108776844071,0.00643072613660849,0.0499740006609315,0,0.287369730842438,0.179130178387144,0.117134218957044,0.0236180189257916,0.140495867768595,0,0.161157024793388,0.136363636363636,0.450413223140496,0.161157024793388,0.0702479338842975,0,0.289256198347107,0.483471074380165,0.359504132231405,0.115702479338843,"10"
"181",0.0726682816905063,0,0.00107383520212688,0.0373528541556546,0.0379665876212344,0.0118531982300944,0.0337315560072276,0,0.211635986461726,0.103639105542932,0.0659106912584788,0.0229106224643537,0.0826446280991736,0,0.128099173553719,0.210743801652893,0.285123966942149,0.173553719008264,0.0371900826446281,0,0.0909090909090909,0.326446280991736,0.173553719008264,0.107438016528926,"0"
"182",0.0317457561732749,0,0,0,0,0,0.088370188961134,0,0,0,0.180430571345315,0.0183585238234029,0.0206611570247934,0,0,0,0,0,0.206611570247934,0,0,0,0.549586776859504,0.0867768595041322,"0"
"183",0.0698132900429937,0,0,0,0,0,0.0348450457960243,0,0.259651233398537,0.131996106514635,0.0574944562658039,0.0254194945247117,0.0785123966942149,0,0,0,0,0,0.0413223140495868,0,0.177685950413223,0.384297520661157,0.15702479338843,0.119834710743802,"0"
"184",0.0742626012265329,0,0,0,0,0,0.0244045647297975,0,0.250349144774721,0.234109949056269,0.0180456191146774,0.00847316484157055,0.0867768595041322,0,0,0,0,0,0.012396694214876,0,0.15702479338843,0.62396694214876,0.0289256198347107,0.0330578512396694,"0"
"185",0.0549468098773223,0,0,0,0,0,0.0251698689639375,0,0.182611544327727,0.157159117633225,0.0520230851968984,0.00564877656104704,0.0537190082644628,0,0,0,0,0,0.0206611570247934,0,0.0867768595041322,0.429752066115702,0.132231404958678,0.0206611570247934,"0"
"186",0.151960649575407,0,0,0.000502265827004333,0,0,0.11127270166866,0,0.246488459034338,0.40833706743141,0.201117055599334,0.0212840393797561,0.252066115702479,0,0,0.132231404958678,0,0,0.301652892561983,0,0.144628099173554,0.826446280991736,0.599173553719008,0.0991735537190083,"20"
"187",0.0680741862475124,0,0,0,0,0.00213334105653383,0.036386191100033,0,0,0.313005707038681,0.0796267404949138,0.0681010672995517,0.0702479338842975,0,0,0,0,0.128099173553719,0.0495867768595041,0,0,0.731404958677686,0.21900826446281,0.359504132231405,"0"
"188",0.0391545553122229,0,0,0.0132254206804335,0,0.00291498347410944,0.040200893875549,0,0,0.0807294586079595,0.121793999221535,0.0715488083049736,0.0289256198347107,0,0,0.15702479338843,0,0.140495867768595,0.0537190082644628,0,0,0.285123966942149,0.367768595041322,0.37603305785124,"0"
"189",0.170147179412205,0,0.0315481376157353,0.179642457300749,0.00477613875830767,0.0215675814972297,0.0991599502128284,0,0.182611544327727,0.385624966939963,0.147181476243493,0.0430664964273231,0.301652892561983,0,0.388429752066116,0.665289256198347,0.148760330578512,0.223140495867769,0.260330578512397,0,0.0867768595041322,0.78099173553719,0.462809917355372,0.214876033057851,"20"
"190",0.0472527432949018,0.0230342445620223,0.0226494470694318,0.022867424642116,0.00733373158104341,0.0466350110794555,0.0210632664437012,0,0.182611544327727,0,0.0190175205145265,0.0324804652260205,0.0413223140495868,0.516528925619835,0.322314049586777,0.181818181818182,0.181818181818182,0.37603305785124,0.00826446280991736,0,0.0867768595041322,0,0.0413223140495868,0.136363636363636,"0"
"191",0.0445900404594297,0,0,0.0738393964490702,0.0274176701414627,0.0241272333109068,0.0745858797153976,0.0157011623547057,0,0,0.107960857972309,0.0385149815414721,0.0371900826446281,0,0,0.326446280991736,0.247933884297521,0.235537190082645,0.136363636363636,0.34297520661157,0,0,0.326446280991736,0.18595041322314,"0"
"192",0.0603997176899344,0,0.00283861928759578,0.117726996650074,0.00522226160935838,0.00311327134404058,0.0967752007498339,0,0,0,0.196290912680134,0.0324804652260205,0.0619834710743802,0,0.152892561983471,0.454545454545455,0.152892561983471,0.148760330578512,0.247933884297521,0,0,0,0.586776859504132,0.136363636363636,"0"
"193",0.0178699356176551,0,0,0,0,0,0.0599323527933614,0,0,0.0551911412978844,0.0473620296439509,0.0436635161205257,0.012396694214876,0,0,0,0,0,0.0909090909090909,0,0,0.181818181818182,0.111570247933884,0.231404958677686,"0"
"194",0.050181265255369,0,0,0,0,0,0.119962497282485,0,0,0.11667178789342,0.114492241538608,0.0436635161205257,0.0495867768595041,0,0,0,0,0,0.338842975206612,0,0,0.355371900826446,0.347107438016529,0.231404958677686,"0"
"195",0.101156174334177,0,0.0121447916164517,0,0.0141347170173921,0.00311285356327155,0.0872521465276529,0.0140830690881138,0,0.420538301649194,0.0974639363532951,0.0436635161205257,0.12396694214876,0,0.243801652892562,0,0.202479338842975,0.144628099173554,0.198347107438017,0.334710743801653,0,0.851239669421488,0.293388429752066,0.231404958677686,"10"
"196",0,0,0,0,0,0,0.0122128748220954,0,0,0,0.0513596729985006,0.0382476818039433,0,0,0,0,0,0,0.00413223140495868,0,0,0,0.128099173553719,0.181818181818182,"0"
"198",0.132963857390062,0,0.0051787389074731,0.0679060097664749,0.031218193061779,0.030876979714189,0.0945844628102396,0.0614131573433899,0.421720603498922,0,0.132392631456132,0.0328031533219525,0.181818181818182,0,0.177685950413223,0.293388429752066,0.256198347107438,0.272727272727273,0.239669421487603,0.59504132231405,0.929752066115702,0,0.417355371900826,0.144628099173554,"10"
"199",0.217892633408634,0,0.0258963685350203,0.134445188089611,0.0782963039454766,0.0277448399093314,0.0486859202989403,0,0.407197695383818,0.551152814318485,0.0454896658296311,0.0550189376749534,0.466942148760331,0,0.338842975206612,0.524793388429752,0.462809917355372,0.252066115702479,0.0661157024793388,0,0.87603305785124,0.946280991735537,0.107438016528926,0.301652892561983,"40"
"200",0.077459155052037,0,0.00153853608896858,0.0579729874949594,0.00591591941306626,0.0120933270223697,0.0261909036831444,0,0.280495779889028,0.144290328709861,0.0180788305127576,0.00746804900742523,0.0909090909090909,0,0.136363636363636,0.268595041322314,0.165289256198347,0.177685950413223,0.0247933884297521,0,0.256198347107438,0.417355371900826,0.0330578512396694,0.0289256198347107,"0"
"201",0.148582311573252,0,0,0.000638273513080314,0.0610210067972944,0.015854238497206,0.0778733115541286,0.0778722308088614,0.366720820604846,0.259454974375661,0.0712359207396644,0.0386072947486999,0.235537190082645,0,0,0.140495867768595,0.384297520661157,0.194214876033058,0.148760330578512,0.665289256198347,0.793388429752066,0.65702479338843,0.190082644628099,0.190082644628099,"20"
"202",0.137066385376638,0,0.0629903316794416,0.0495239975469953,0.0248330806223848,0.0149780419298273,0.048219641128401,0,0.258781919653948,0.411214338044021,0.0158391508288648,0.0156649340892957,0.190082644628099,0,0.578512396694215,0.231404958677686,0.239669421487603,0.190082644628099,0.0619834710743802,0,0.173553719008264,0.830578512396694,0.0206611570247934,0.0702479338842975,"10"
"203",0.135354857328941,0,0.0388739889267596,0.0417991768839542,0.013281883914243,0.01087593699388,0.0682140731174954,0,0.390788199274306,0.215965010345876,0.101454608948676,0.0108002611906811,0.18595041322314,0,0.466942148760331,0.21900826446281,0.198347107438017,0.169421487603306,0.111570247933884,0,0.838842975206612,0.590909090909091,0.309917355371901,0.0413223140495868,"10"
"204",0.154116962415224,0.0171841935024067,0.000948580888992598,0.0331686120311494,0.0747850947885486,0.0369092320681084,0.0313020846151436,0,0.37377809644224,0.386523988996207,0.0141876045284517,0.0328031533219525,0.264462809917355,0.491735537190083,0.12396694214876,0.202479338842975,0.433884297520661,0.326446280991736,0.0289256198347107,0,0.814049586776859,0.785123966942149,0.0165289256198347,0.144628099173554,"20"
"205",0.19275401673024,0,0.0111922920060555,0.0846109284065489,0.0717772769574041,0.0495944054207871,0.0687678963570248,0.0315746533812227,0.365623281259204,0.458449042313814,0.0495065655966482,0.0360663437139455,0.37603305785124,0,0.227272727272727,0.359504132231405,0.429752066115702,0.380165289256198,0.115702479338843,0.454545454545455,0.789256198347107,0.884297520661157,0.115702479338843,0.169421487603306,"30"
"206",0.413208016684286,0.101455889588027,0.100694318269867,0.204948225298959,0.184867155478375,0.222301920935689,0.422401402827805,0.144455017823696,0.391175562506233,0.0760682293008214,0.545478618619205,0.120377698425919,0.797520661157025,0.793388429752066,0.714876033057851,0.727272727272727,0.801652892561983,0.942148760330578,0.867768595041322,0.847107438016529,0.84297520661157,0.272727272727273,0.90495867768595,0.549586776859504,"70"
"207",0.19932832778003,0,0.022580688153845,0.177741553548005,0.0712129658409575,0.0749691552686944,0.154798062440055,0.0351789787273658,0.367726060767418,0.133953652459595,0.167561002837225,0.059822911259802,0.388429752066116,0,0.318181818181818,0.648760330578512,0.425619834710744,0.487603305785124,0.429752066115702,0.475206611570248,0.797520661157025,0.388429752066116,0.495867768595041,0.322314049586777,"30"
"208",0.178529075130126,0,0.0369850353956798,0.0723727911748745,0.0950092005888377,0.06584123713588,0.0811635504736213,0.0290798611111111,0.288286704565836,0.392546992481203,0.0706036587539207,0.0122251601891769,0.330578512396694,0,0.433884297520661,0.31404958677686,0.512396694214876,0.446280991735537,0.173553719008264,0.442148760330579,0.297520661157025,0.797520661157025,0.18595041322314,0.0537190082644628,"30"
"209",0.205925698606655,0.0111672830137591,0.0867294068833382,0.137507764097619,0.117320226734822,0.0354400263310932,0.153066083834151,0.0271854789100038,0.324992843709121,0.227263205147389,0.0872784283296343,0.0961112585039065,0.425619834710744,0.392561983471074,0.677685950413223,0.537190082644628,0.590909090909091,0.305785123966942,0.425619834710744,0.425619834710744,0.578512396694215,0.615702479338843,0.256198347107438,0.450413223140496,"40"
"210",0.394398555550083,0.0982093901273636,0.0797805559455669,0.270881450676384,0.164132491890381,0.0863089262968636,0.285959864488102,0.0889016826893787,0.303196445345569,0.482128118849597,0.398874036114633,0.146037099521353,0.764462809917355,0.789256198347107,0.652892561983471,0.851239669421488,0.739669421487603,0.553719008264463,0.71900826446281,0.706611570247934,0.429752066115702,0.896694214876033,0.826446280991736,0.644628099173554,"70"
"211",0.274193884570383,0.030436766876408,0.0891338356853648,0.160179608018107,0.148439281516953,0.11075570364926,0.227978736250481,0.0796968461120174,0.305420719303129,0.16300334850176,0.25151379541081,0.136068796672732,0.59504132231405,0.566115702479339,0.685950413223141,0.611570247933884,0.714876033057851,0.661157024793388,0.607438016528926,0.673553719008264,0.450413223140496,0.43801652892562,0.661157024793388,0.611570247933884,"50"
"212",0.21980358767793,0.040461345828654,0.0345565200954167,0.137121024312675,0.145549723531452,0.087025082986048,0.161132085541859,0.0360060690943044,0.297445467420502,0.211272488621934,0.126204422274995,0.108310096533132,0.479338842975207,0.632231404958678,0.409090909090909,0.533057851239669,0.706611570247934,0.570247933884298,0.442148760330579,0.491735537190083,0.363636363636364,0.574380165289256,0.384297520661157,0.512396694214876,"40"
"213",0.185361344812911,0.0363403436362372,0.0497454505501267,0.0607988814854583,0.094650925959862,0.0811006758215004,0.146494188574107,0.0408889249580696,0.284446160751135,0.129746538070546,0.171378586764144,0.0884118832502828,0.34297520661157,0.607438016528926,0.537190082644628,0.276859504132231,0.508264462809917,0.520661157024793,0.413223140495868,0.528925619834711,0.285123966942149,0.37603305785124,0.516528925619835,0.425619834710744,"30"
"214",0.249998000195376,0.0128209847759753,0.0425932862169707,0.0526861187830093,0.180399342018978,0.0649391995509501,0.160242225952538,0.0889141804577297,0.31767796194249,0.350178573043156,0.125000848672008,0.16591355687082,0.566115702479339,0.409090909090909,0.504132231404959,0.252066115702479,0.785123966942149,0.442148760330579,0.43801652892562,0.710743801652893,0.541322314049587,0.756198347107438,0.380165289256198,0.694214876033058,"50"
"215",0.415045490047067,0.09693905163949,0.0793393834412173,0.298466168842853,0.190201375031207,0.163651364601194,0.246679450879977,0.111302790857102,0.279945791606561,0.525644115158818,0.310454152581345,0.222327988191857,0.801652892561983,0.785123966942149,0.648760330578512,0.900826446280992,0.818181818181818,0.822314049586777,0.644628099173554,0.760330578512397,0.247933884297521,0.929752066115702,0.752066115702479,0.797520661157025,"70"
"216",0.299026452839407,0.0157449266626482,0.279864269004833,0.129074494812891,0.0667108456966562,0.0874142014806572,0.141321950194191,0.132703352086263,0.389213868067382,0.2866933155674,0.082376575962,0.236487905755476,0.640495867768595,0.462809917355372,0.942148760330578,0.5,0.400826446280992,0.578512396694215,0.400826446280992,0.822314049586777,0.834710743801653,0.685950413223141,0.231404958677686,0.834710743801653,"60"
"217",0.231408515216063,0.0233148867169486,0.198422397595629,0.252905208575312,0.0607252269955961,0.0343669217380558,0.151184069767402,0.0567574369120761,0.322646024991146,0.18729344448281,0.0694308664769804,0.0957900884871136,0.528925619834711,0.524793388429752,0.871900826446281,0.834710743801653,0.37603305785124,0.301652892561983,0.421487603305785,0.574380165289256,0.56198347107438,0.524793388429752,0.181818181818182,0.446280991735537,"50"
"218",0.336666668332241,0,0.130485247404146,0.330875800343939,0.13266216704703,0.219978670768937,0.209705055924511,0.0735386352232815,0.296988954858155,0.320870414873108,0.255290147251909,0.0969628806149222,0.677685950413223,0,0.776859504132231,0.917355371900826,0.65702479338843,0.93801652892562,0.566115702479339,0.632231404958678,0.359504132231405,0.735537190082645,0.665289256198347,0.462809917355372,"60"
"219",0.293272187629263,0.189138633278021,0.199374864137504,0.07272622797438,0.179816681995208,0.17134347525055,0.245002496369159,0.138645430012906,0.283017509189399,0,0.10316448412573,0.231781174024335,0.628099173553719,0.929752066115702,0.880165289256198,0.318181818181818,0.776859504132231,0.855371900826446,0.640495867768595,0.838842975206612,0.272727272727273,0,0.31404958677686,0.822314049586777,"60"
"220",0.186307616860253,0,0.0464215932500139,0.102139505358506,0.0757919990750376,0.0800267458597389,0.0834821405357898,0.0627561514147876,0.274850120480619,0.402567463984584,0,0.0614913945651328,0.355371900826446,0,0.524793388429752,0.417355371900826,0.446280991735537,0.512396694214876,0.18595041322314,0.603305785123967,0.231404958677686,0.818181818181818,0,0.330578512396694,"30"
"221",0.332691058041652,0,0.00555601044966088,0.194759552844377,0.208836229932235,0.0955682267809504,0.108524278335215,0,0.330769087643995,0.768114122283841,0.104886747379992,0.227133187830997,0.673553719008264,0,0.181818181818182,0.714876033057851,0.855371900826446,0.611570247933884,0.289256198347107,0,0.619834710743802,0.987603305785124,0.318181818181818,0.801652892561983,"60"
"222",0.229453475719004,0.0342108422557655,0.0372060180201549,0.133959291190554,0.0381226294426002,0.0680422450190958,0.0817161346455948,0,0.310943638723394,0.567967477713307,0.115947660031759,0.0533066637023584,0.512396694214876,0.59504132231405,0.442148760330579,0.520661157024793,0.289256198347107,0.458677685950413,0.181818181818182,0,0.5,0.962809917355372,0.355371900826446,0.289256198347107,"50"
"223",0.236029662960694,0,0.0718450838456702,0.0884415517205996,0.120959491360469,0.170830049478656,0.198599327103743,0.087500434979295,0.309218790630884,0.175245190960489,0.0953225712683621,0.161853408928242,0.545454545454545,0,0.632231404958678,0.367768595041322,0.611570247933884,0.851239669421488,0.549586776859504,0.694214876033058,0.483471074380165,0.458677685950413,0.289256198347107,0.681818181818182,"50"
"224",0.288841972154466,0.0769844778465468,0.0477361599477522,0.142803832761098,0.0996225229679067,0.184296491159886,0.25763027106424,0.160637095981924,0.277034077867967,0.14135604262646,0.277760217849006,0.122285165423841,0.611570247933884,0.747933884297521,0.528925619834711,0.566115702479339,0.528925619834711,0.892561983471074,0.65702479338843,0.871900826446281,0.239669421487603,0.40495867768595,0.71900826446281,0.557851239669422,"60"
"225",0.227243904854056,0.0232350412144933,0.0181284043221845,0.189834461581037,0.114182283506742,0.172263581167691,0.103679358019197,0.0869828421198284,0.32688479312431,0.273756308579668,0.0572035257007778,0.0623720165181849,0.508264462809917,0.520661157024793,0.293388429752066,0.685950413223141,0.582644628099174,0.859504132231405,0.276859504132231,0.690082644628099,0.586776859504132,0.673553719008264,0.152892561983471,0.338842975206612,"50"
"226",0.137251402595647,0.0163988029841688,0.029316439617379,0.124617926243942,0.0750873611613187,0.0144589644589645,0.101946835338424,0.0399210185795552,0.309105954042734,0,0.178751133198336,0.0135211731426531,0.194214876033058,0.479338842975207,0.380165289256198,0.475206611570248,0.43801652892562,0.18595041322314,0.272727272727273,0.520661157024793,0.479338842975207,0,0.537190082644628,0.0619834710743802,"10"
"227",0.166526425330584,0.0410812581913499,0.00435308664735442,0.0718544133406519,0.0130796093518793,0.0090970359915314,0.113737692555012,0,0.284045422177634,0.300679864799614,0.192737131242103,0.0433744366803605,0.289256198347107,0.636363636363636,0.165289256198347,0.305785123966942,0.194214876033058,0.165289256198347,0.31404958677686,0,0.276859504132231,0.710743801652893,0.578512396694215,0.21900826446281,"20"
"228",0.208242749816584,0,0.0278410728109805,0.20848742269474,0.0887739312877,0.0569871794871795,0.145563422122829,0,0.307606468984933,0.207153401797176,0.204641996494815,0.0705345897757296,0.429752066115702,0,0.359504132231405,0.735537190082645,0.491735537190083,0.409090909090909,0.409090909090909,0,0.462809917355372,0.56198347107438,0.607438016528926,0.371900826446281,"40"
"229",0.364570774952869,0,0.0247891835242422,0.50079534662868,0.109512198052706,0.0306012553857381,0.235246228304319,0.0580078402156946,0.310402688822784,0.497691066747328,0.393887990302919,0.0693347937212596,0.71900826446281,0,0.334710743801653,0.979338842975207,0.566115702479339,0.264462809917355,0.615702479338843,0.578512396694215,0.491735537190083,0.909090909090909,0.814049586776859,0.367768595041322,"70"
"230",0.352162717501441,0.0462111160253575,0.065094196914773,0.139864665014304,0.170206231898532,0.0921377349860322,0.148139664706695,0.129827428047242,0.324394780722815,0.709449785454348,0.175544514685799,0.156957368878431,0.698347107438017,0.65702479338843,0.590909090909091,0.549586776859504,0.752066115702479,0.603305785123967,0.417355371900826,0.814049586776859,0.570247933884298,0.983471074380165,0.528925619834711,0.673553719008264,"60"
"231",0.555108035748572,0.13284256386784,0.199156924424558,0.541372967841462,0.164851648120289,0.173961996826005,0.374332064602957,0.129356038131403,0.354725274840216,0.796807254876244,0.260275994824164,0.214986386152906,0.942148760330578,0.863636363636364,0.87603305785124,0.991735537190083,0.743801652892562,0.871900826446281,0.822314049586777,0.809917355371901,0.764462809917355,0.991735537190083,0.673553719008264,0.764462809917355,"90"
"232",0.431303418818827,0.140609040717736,0.0706210959677811,0.244230955035303,0.0985422315723859,0.086515673939587,0.421068005773034,0.0809822866344605,0.312463854826349,0.225908466819222,0.811029809945327,0.127897753659475,0.826446280991736,0.880165289256198,0.619834710743802,0.809917355371901,0.524793388429752,0.557851239669422,0.863636363636364,0.677685950413223,0.508264462809917,0.603305785123967,0.983471074380165,0.586776859504132,"80"
"233",0.218296756214547,0.0257126450924901,0.0606861056283561,0.109038308168368,0.0583464384614672,0.0431262994828886,0.0797089933470972,0.0312972533256771,0.298221354700959,0.516387868897049,0.0678184200075302,0.0859434091246128,0.471074380165289,0.537190082644628,0.570247933884298,0.433884297520661,0.363636363636364,0.351239669421488,0.165289256198347,0.450413223140496,0.380165289256198,0.917355371900826,0.177685950413223,0.409090909090909,"40"
"234",0.185873023368541,0.0136561669498541,0.0146249824559053,0.0739241430183791,0.110427254572106,0.120126680273066,0.173271379569614,0.0153654569482566,0.296641793572631,0.0438811576058169,0.250489725033008,0.0745811173750914,0.347107438016529,0.421487603305785,0.28099173553719,0.330578512396694,0.570247933884298,0.710743801652893,0.483471074380165,0.338842975206612,0.351239669421488,0.169421487603306,0.652892561983471,0.380165289256198,"30"
"235",0.231342304299483,0.0158755482622745,0.055115950453249,0.183683898255266,0.145010270063793,0.0866995604551444,0.213613476304715,0.0831383393604198,0.397794017995084,0,0.136678525527121,0.134840431443176,0.524793388429752,0.466942148760331,0.553719008264463,0.673553719008264,0.702479338842975,0.56198347107438,0.570247933884298,0.681818181818182,0.855371900826446,0,0.433884297520661,0.603305785123967,"50"
"236",0.294186267695247,0,0.0283835254111592,0.126331274646742,0.171699505766838,0.0838171727637928,0.257870567768207,0,0.371897172457415,0.349756473879953,0.351420960310838,0.0781709338348245,0.632231404958678,0,0.367768595041322,0.479338842975207,0.760330578512397,0.528925619834711,0.661157024793388,0,0.809917355371901,0.752066115702479,0.78099173553719,0.396694214876033,"60"
"237",0.187025450171908,0,0.241257760883822,0.0523211274047394,0.015893839680656,0.120252244967964,0.198188121095959,0,0.396816416583788,0,0.117338433500891,0.0516500470246175,0.359504132231405,0,0.917355371900826,0.247933884297521,0.210743801652893,0.714876033057851,0.537190082644628,0,0.851239669421488,0,0.363636363636364,0.276859504132231,"30"
"239",0.0133353979402775,0,0,0,0,0,0.0504413358792244,0,0,0.0362361024955862,0.0768114722504221,0.0161864512636882,0.00826446280991736,0,0,0,0,0,0.0743801652892562,0,0,0.15702479338843,0.214876033057851,0.0785123966942149,"0"
"240",0.115977891408791,0,0,0,0,0,0.0761571963412866,0,0,0.561271249076127,0.134436522372845,0.0070609707013088,0.152892561983471,0,0,0,0,0,0.140495867768595,0,0,0.954545454545455,0.421487603305785,0.0247933884297521,"10"
"241",0.0688160728979739,0,0,0,0,0,0.063710673847981,0,0,0.325860053563766,0.0978271738782766,0.0161864512636882,0.0743801652892562,0,0,0,0,0,0.103305785123967,0,0,0.739669421487603,0.297520661157025,0.0785123966942149,"0"
