"","VOCATIONAL_TRAINING","joblessness","poverty_in_community","concentrated_disadvantage","edu_completion","illegal_econ_activity","VOCATIONAL_TRAINING_percentile","joblessness_percentile","poverty_in_community_percentile","concentrated_disadvantage_percentile","edu_completion_percentile","illegal_econ_activity_percentile","VOCATIONAL_TRAINING_score"
"1",0.520274967262331,0.511025081103852,0.522350007320052,0.327535720189848,0,0.123092638381535,0.756198347107438,0.789256198347107,0.826446280991736,0.652892561983471,0,0.834710743801653,"70"
"2",0.373303067822061,0.129811493011103,0.418252599465954,0.0909348484789874,0.218801935026305,0.244938499749261,0.516528925619835,0.103305785123967,0.735537190082645,0.0413223140495868,0.921487603305785,0.966942148760331,"50"
"3",0.883730602213269,1,0.529308337200942,0.630323360907799,0.0263388937664618,0.240883669683007,0.995867768595041,1,0.84297520661157,0.983471074380165,0.223140495867769,0.958677685950413,"90"
"4",0.327348685433749,0.189437162618677,0.402885226336249,0.172265679805897,0.108800312813119,0.1101393966448,0.446280991735537,0.18595041322314,0.731404958677686,0.119834710743802,0.665289256198347,0.760330578512397,"40"
"5",0.267806072838689,0.28254690878003,0.193090601285348,0.163269273021533,0.0946082780938462,0.0955514970488227,0.330578512396694,0.355371900826446,0.421487603305785,0.107438016528926,0.62396694214876,0.661157024793388,"30"
"6",0.352775991544835,0.457631035034806,0.157146465590444,0.217498793833126,0.0977318827217407,0.119481314033428,0.483471074380165,0.698347107438017,0.293388429752066,0.272727272727273,0.636363636363636,0.818181818181818,"40"
"7",0.719558671583064,0.822476918727501,0.38441752075365,0.370142833203351,0,0.42393381734453,0.921487603305785,0.983471074380165,0.714876033057851,0.731404958677686,0,0.991735537190083,"90"
"8",0.882321710044595,0.680430857139404,0.821588125562002,0.363442450534679,0.134151395837651,0.423586584406401,0.991735537190083,0.929752066115702,0.971074380165289,0.723140495867769,0.768595041322314,0.987603305785124,"90"
"9",0.488013885905611,0.635152453944194,0.434752613821864,0.28174677350335,0.0151915666104016,0.0334706313560683,0.694214876033058,0.900826446280992,0.756198347107438,0.495867768595041,0.152892561983471,0.231404958677686,"60"
"10",0.657759194815814,0.594745517258769,0.606580552714097,0.313376422866347,0.109464987885769,0.216487792443956,0.871900826446281,0.871900826446281,0.888429752066116,0.599173553719008,0.669421487603306,0.946280991735537,"80"
"11",0.659323191007764,0.737139388555139,0.526106396287165,0.400097025398936,0.105539846270262,0.0758298245853098,0.87603305785124,0.971074380165289,0.834710743801653,0.793388429752066,0.661157024793388,0.541322314049587,"80"
"12",0.490856360451991,0.593242715947468,0.315202475335827,0.245077178959716,0.133178576556741,0.120986838180335,0.698347107438017,0.867768595041322,0.632231404958678,0.384297520661157,0.764462809917355,0.822314049586777,"60"
"13",0.702650703419321,0.698216609048716,0.561030996461046,0.338736615998144,0.265999202131082,0.0931262153000344,0.90495867768595,0.942148760330578,0.855371900826446,0.690082644628099,0.958677685950413,0.65702479338843,"90"
"14",0.588752027147945,0.413517586305226,0.750336905298751,0.254821426898715,0.124983623739028,0.117982233846305,0.834710743801653,0.611570247933884,0.950413223140496,0.409090909090909,0.714876033057851,0.805785123966942,"80"
"15",0.730385958305169,0.486477892899987,0.698710570663026,0.292465110183971,0.310103437467349,0.241301457641059,0.93801652892562,0.756198347107438,0.925619834710744,0.537190082644628,0.975206611570248,0.962809917355372,"90"
"16",0.445349644078689,0.41581559712442,0.494188965366472,0.206160179531167,0.0449949062370298,0.128477842614419,0.619834710743802,0.615702479338843,0.814049586776859,0.227272727272727,0.37603305785124,0.851239669421488,"60"
"17",0.709671144025294,0.701193687424868,0.631554650468956,0.377201328583374,0.168016907361747,0.0973549938952532,0.917355371900826,0.946280991735537,0.90495867768595,0.756198347107438,0.838842975206612,0.685950413223141,"90"
"18",0.673665552175216,0.459404317084257,0.70946281783954,0.27713655734139,0.319028980797219,0.116885743529979,0.888429752066116,0.706611570247934,0.929752066115702,0.483471074380165,0.979338842975207,0.785123966942149,"80"
"19",0.723128652457175,0.473885879987449,0.996696508320193,0.335683830747409,0,0.203965862004107,0.925619834710744,0.739669421487603,0.995867768595041,0.681818181818182,0,0.933884297520661,"90"
"20",0.638250257232756,0.51563879959893,0.616160209229686,0.317761887512688,0.17867070415538,0.161814971299589,0.863636363636364,0.801652892561983,0.896694214876033,0.628099173553719,0.863636363636364,0.909090909090909,"80"
"21",0.405888306315712,0.472592334605718,0.266186403619038,0.299042017977307,0.0422960375656358,0.107152895163249,0.56198347107438,0.735537190082645,0.566115702479339,0.56198347107438,0.355371900826446,0.735537190082645,"50"
"22",0.549368669637375,0.443977800065946,0.371927844914981,0.266339500708119,0.307243218797217,0.169987900495913,0.797520661157025,0.669421487603306,0.685950413223141,0.433884297520661,0.971074380165289,0.917355371900826,"70"
"23",0.523708920722801,0.626840614463311,0.377818871344692,0.400211278047303,0.0588035384077165,0.0292372630994806,0.768595041322314,0.892561983471074,0.698347107438017,0.797520661157025,0.462809917355372,0.210743801652893,"70"
"24",0.729379247881999,0.513705998954903,0.779627649927826,0.489663822999488,0.132376957315316,0.111072502922043,0.933884297520661,0.797520661157025,0.958677685950413,0.917355371900826,0.756198347107438,0.768595041322314,"90"
"25",0.242542893609273,0.251079951358861,0.261623965681528,0.210519137444983,0.00708824643915922,0.0332193106189576,0.252066115702479,0.289256198347107,0.557851239669422,0.252066115702479,0.115702479338843,0.227272727272727,"20"
"26",0.523653739596584,0.417111542914563,0.554631174468646,0.309710158270225,0.113954521021758,0.09736102172576,0.764462809917355,0.619834710743802,0.851239669421488,0.59504132231405,0.685950413223141,0.690082644628099,"70"
"27",0.51263437623154,0.330341411554973,0.524868583642506,0.402855717705003,0.120095618323525,0.0860214367527158,0.739669421487603,0.454545454545455,0.830578512396694,0.801652892561983,0.706611570247934,0.603305785123967,"70"
"28",0.24328155215354,0.206462421199254,0.159174400074864,0.263945472318203,0.0685197155785391,0.0673447779472364,0.256198347107438,0.214876033057851,0.301652892561983,0.429752066115702,0.520661157024793,0.471074380165289,"20"
"29",0.246486764089909,0.229037831704437,0.159278023114549,0.262452977503037,0.0625234597029331,0.0604692284318052,0.268595041322314,0.243801652892562,0.305785123966942,0.425619834710744,0.487603305785124,0.40495867768595,"20"
"30",0.148711119655464,0.156225926763485,0.155833540316265,0.142948626038621,0,0.0651107894635495,0.0785123966942149,0.128099173553719,0.289256198347107,0.0743801652892562,0,0.454545454545455,"0"
"31",0.254219332642188,0.329759648401149,0.137518338694274,0.20204296954639,0.0479023875875574,0.07659745680276,0.28099173553719,0.450413223140496,0.243801652892562,0.198347107438017,0.40495867768595,0.549586776859504,"20"
"32",0.181096018567133,0.250620444690975,0.106589022250036,0.187636236655227,0,0.0592837854590874,0.132231404958678,0.28099173553719,0.161157024793388,0.15702479338843,0,0.396694214876033,"10"
"33",0.179077106210679,0.1376511247283,0.155040782819082,0.237022859603224,0,0.069177402747262,0.128099173553719,0.107438016528926,0.285123966942149,0.334710743801653,0,0.491735537190083,"10"
"34",0.0988782358787058,0.184418253429117,0.0491472348841979,0.138837019157741,0.011461937716263,0.00698150682832055,0.0413223140495868,0.181818181818182,0.0371900826446281,0.0619834710743802,0.128099173553719,0.136363636363636,"0"
"35",0.198678964131016,0.125485770684743,0.27333941463131,0.217897651591264,0.0295979151154133,0.00342116659242459,0.173553719008264,0.0991735537190083,0.578512396694215,0.28099173553719,0.260330578512397,0.119834710743802,"10"
"36",0.520183985928704,0.550641220900502,0.280866200887647,0.552443285667927,0.0448289119569396,0.0549878102633147,0.752066115702479,0.834710743801653,0.59504132231405,0.962809917355372,0.371900826446281,0.355371900826446,"70"
"37",0.376113856111585,0.361459358076077,0.250942714513539,0.423139376156631,0.0381300863322709,0.0363593881584686,0.524793388429752,0.504132231404959,0.533057851239669,0.838842975206612,0.322314049586777,0.243801652892562,"50"
"38",0.387374828881221,0.443093832480985,0.136340298353925,0.333410012852871,0.20523025210084,0.0211689438415141,0.545454545454545,0.665289256198347,0.239669421487603,0.673553719008264,0.909090909090909,0.177685950413223,"50"
"39",0.280669766662976,0.336468348065427,0.0645926057238639,0.226917811529588,0.184024526001449,0.0504333485208743,0.338842975206612,0.466942148760331,0.0661157024793388,0.318181818181818,0.87603305785124,0.322314049586777,"30"
"40",0.423934379988229,0.460936986116746,0.165433285738483,0.500829605652789,0.0488001873823812,0.058083467672637,0.599173553719008,0.710743801652893,0.318181818181818,0.925619834710744,0.413223140495868,0.371900826446281,"50"
"41",0.227626641947115,0.24976805520455,0.0966173900934666,0.301567676115978,0.0344391244870041,0.0424436841532645,0.214876033057851,0.272727272727273,0.132231404958678,0.574380165289256,0.289256198347107,0.28099173553719,"20"
"42",0.261787117297605,0.201139885721555,0.21641689393557,0.232041160386452,0.0829625968034272,0.0808920740695967,0.318181818181818,0.210743801652893,0.483471074380165,0.326446280991736,0.586776859504132,0.570247933884298,"30"
"43",0.232153331061345,0.232978767506891,0.153714549129156,0.28277003734531,0.0170986127540596,0.0500167789700626,0.21900826446281,0.247933884297521,0.28099173553719,0.508264462809917,0.169421487603306,0.318181818181818,"20"
"44",0.165529682243606,0.0806614595039924,0.180399962599817,0.156882554990053,0.0736670950145551,0.0721373319642004,0.111570247933884,0.0537190082644628,0.363636363636364,0.0909090909090909,0.545454545454545,0.504132231404959,"10"
"45",0.455637309511127,0.394189012624432,0.250680009488474,0.525233580025897,0.0810151557858676,0.0652072645212513,0.652892561983471,0.574380165289256,0.528925619834711,0.950413223140496,0.56198347107438,0.462809917355372,"60"
"46",0.178334146369983,0.244509694508052,0.0975863986675702,0.171637767323591,0,0.0832309757061058,0.12396694214876,0.256198347107438,0.140495867768595,0.115702479338843,0,0.586776859504132,"10"
"47",0.14560165310895,0.102827484703347,0.183522776236037,0.141006014783533,0.017348372226238,0.0673478771896271,0.0743801652892562,0.0702479338842975,0.37603305785124,0.0661157024793388,0.173553719008264,0.475206611570248,"0"
"48",0.160933853071648,0.120757303721718,0.123405991683764,0.15162314801148,0.0591632692681033,0.0968765175052895,0.0991735537190083,0.0909090909090909,0.210743801652893,0.0826446280991736,0.471074380165289,0.677685950413223,"0"
"49",0.16494344817676,0.166901685821807,0.112520710173442,0.157434053416456,0.0638999936544197,0.0614711941939914,0.107438016528926,0.152892561983471,0.181818181818182,0.0950413223140496,0.5,0.425619834710744,"10"
"50",0.800133146791457,0.554125493459563,0.810067518205661,0.316294278702009,0.114339134186682,0.415165250871924,0.966942148760331,0.838842975206612,0.966942148760331,0.615702479338843,0.690082644628099,0.983471074380165,"90"
"51",0.575982118193592,0.672232350011904,0.239368143572235,0.519158558485702,0.125415783011497,0.072340149448945,0.818181818181818,0.925619834710744,0.512396694214876,0.942148760330578,0.71900826446281,0.508264462809917,"80"
"52",0.691711218668485,0.3369825068884,0.848719563541021,0.23096424566603,0.356881051588486,0.155183836265031,0.896694214876033,0.471074380165289,0.975206611570248,0.322314049586777,0.983471074380165,0.892561983471074,"80"
"53",0.354046951076659,0.351974821658711,0.395040246992352,0.170481084601138,0.0491982628106662,0.086092108171004,0.487603305785124,0.491735537190083,0.723140495867769,0.111570247933884,0.417355371900826,0.607438016528926,"40"
"54",0.469819037090979,0.365035081351069,0.491643334072993,0.176317510391616,0.0323115161557581,0.287806811716912,0.673553719008264,0.520661157024793,0.805785123966942,0.140495867768595,0.276859504132231,0.975206611570248,"60"
"55",0.584925621968634,0.253480328158387,0.856434971188324,0.272658136548698,0.161034213804263,0.10810793762353,0.830578512396694,0.305785123966942,0.979338842975207,0.458677685950413,0.826446280991736,0.747933884297521,"80"
"56",0.153280776331954,0.254699687039443,0.0891874549877895,0.0893707642570501,0,0.0987152553495568,0.0867768595041322,0.309917355371901,0.115702479338843,0.0371900826446281,0,0.698347107438017,"0"
"57",0.316536280058523,0.29136360894451,0.191370038700884,0.24072723632719,0.0828026985442064,0.149215421009567,0.421487603305785,0.37603305785124,0.409090909090909,0.355371900826446,0.582644628099174,0.884297520661157,"40"
"58",0.795869599522525,0.635869376295783,0.937243488939981,0.399154564452102,0.0818041502315212,0.144859903755724,0.962809917355372,0.90495867768595,0.991735537190083,0.789256198347107,0.574380165289256,0.87603305785124,"90"
"59",0.432971548419158,0.40358493849148,0.510578033913985,0.205840597272886,0.035098599840222,0.102424944040514,0.611570247933884,0.590909090909091,0.822314049586777,0.223140495867769,0.293388429752066,0.714876033057851,"60"
"60",0.740742855221195,0.728515179719806,0.61597484550132,0.459740325037739,0.0252044226628446,0.226490822907619,0.946280991735537,0.958677685950413,0.892561983471074,0.884297520661157,0.214876033057851,0.954545454545455,"90"
"61",1,0.855983848591402,0.74997408050042,0.504254713456621,0.0734349414283915,0.544824497942744,1,0.995867768595041,0.946280991735537,0.929752066115702,0.541322314049587,0.995867768595041,"90"
"62",0.605326199855459,0.528964722662992,0.466452378682829,0.484821450724918,0.127759248029109,0.0966395185943481,0.847107438016529,0.805785123966942,0.789256198347107,0.909090909090909,0.735537190082645,0.673553719008264,"80"
"63",0.5474636055899,0.496592113141695,0.378506131804035,0.279683700247338,0.276178660049628,0.12357367778562,0.793388429752066,0.768595041322314,0.702479338842975,0.491735537190083,0.962809917355372,0.838842975206612,"70"
"64",0.490960250626444,0.628452993379268,0.256282111700929,0.320967109365483,0.0944287330316742,0.107826342020447,0.702479338842975,0.896694214876033,0.541322314049587,0.640495867768595,0.619834710743802,0.743801652892562,"70"
"65",0.66633130504578,0.654028842327021,0.325894314879588,0.394867739729749,0.404402933404926,0.0836986028428986,0.884297520661157,0.921487603305785,0.652892561983471,0.78099173553719,0.987603305785124,0.59504132231405,"80"
"66",0.540253596772713,0.462403624478633,0.418539555756864,0.282546911896621,0.254824996264957,0.11751550143576,0.785123966942149,0.71900826446281,0.739669421487603,0.504132231404959,0.954545454545455,0.797520661157025,"70"
"67",0.421114829794387,0.47716641689102,0.340301327266229,0.214379863206651,0.111552037885598,0.0833696102977909,0.586776859504132,0.747933884297521,0.665289256198347,0.264462809917355,0.677685950413223,0.590909090909091,"50"
"68",0.388099184777659,0.412897945356526,0.200797629386557,0.158194451908955,0.239819004524887,0.129413381113845,0.553719008264463,0.607438016528926,0.43801652892562,0.0991735537190083,0.93801652892562,0.855371900826446,"50"
"69",0.447499830733467,0.362240087923583,0.423949343215491,0.190712174739659,0.196608373078961,0.121705373541739,0.62396694214876,0.508264462809917,0.747933884297521,0.169421487603306,0.888429752066116,0.826446280991736,"60"
"70",0.840976587709077,0.716100193483219,0.865860255943075,0.51806430448214,0.152762025846812,0.0631580515321864,0.979338842975207,0.950413223140496,0.987603305785124,0.93801652892562,0.809917355371901,0.433884297520661,"90"
"71",0.679879493384369,0.685851335790885,0.577041964367891,0.428553920080424,0.0992074554940459,0.107383506154528,0.892561983471074,0.933884297520661,0.87603305785124,0.84297520661157,0.640495867768595,0.739669421487603,"80"
"72",0.556443428873103,0.482828658030527,0.446188326188546,0.3174156868834,0.222545867221487,0.108850564987833,0.805785123966942,0.752066115702479,0.764462809917355,0.62396694214876,0.925619834710744,0.752066115702479,"80"
"73",0.75090842322,0.828870135040727,0.532666174768503,0.475757272894057,0.0949897012010807,0.150013107000025,0.950413223140496,0.987603305785124,0.847107438016529,0.90495867768595,0.628099173553719,0.888429752066116,"90"
"74",0.552310120107971,0.604710999406728,0.312109692962661,0.295322693108994,0.138111948855147,0.216851432711359,0.801652892561983,0.880165289256198,0.628099173553719,0.549586776859504,0.772727272727273,0.950413223140496,"70"
"75",0.453499852662147,0.556019379868163,0.212363618846766,0.282278519694662,0.104745958112596,0.155372707056604,0.640495867768595,0.847107438016529,0.479338842975207,0.5,0.65702479338843,0.896694214876033,"60"
"76",0.255458522603632,0.305944659032702,0.0773922429144448,0.206228930802021,0.149952046035806,0.0575175409026177,0.293388429752066,0.40495867768595,0.0909090909090909,0.231404958677686,0.797520661157025,0.363636363636364,"20"
"77",0.234907286484545,0.31732681102882,0.119260816907854,0.216340715645889,0.0155659981538978,0.0752285196858763,0.235537190082645,0.433884297520661,0.198347107438017,0.268595041322314,0.15702479338843,0.537190082644628,"20"
"78",0.452118067432513,0.397488073452736,0.392836163223321,0.394460701944166,0.0361612841694423,0.0862494316085894,0.636363636363636,0.582644628099174,0.71900826446281,0.776859504132231,0.309917355371901,0.611570247933884,"60"
"79",0.265359330603639,0.282685629667557,0.176280291073179,0.175827131716053,0.115492576268682,0.072433764437722,0.326446280991736,0.359504132231405,0.347107438016529,0.132231404958678,0.694214876033058,0.512396694214876,"30"
"80",0.409942705867756,0.309967800315176,0.370596946423347,0.319136192496837,0.102345041473441,0.0957413438084635,0.570247933884298,0.421487603305785,0.681818181818182,0.636363636363636,0.648760330578512,0.665289256198347,"50"
"81",0.617445255783548,0.694289847635096,0.279757427125494,0.613982382328776,0.0581176974753904,0.0899283589560188,0.851239669421488,0.93801652892562,0.590909090909091,0.979338842975207,0.458677685950413,0.644628099173554,"80"
"82",0.205006128413927,0.276694295971198,0.109179412217358,0.17595354116072,0.0188513067190596,0.0854768431049665,0.190082644628099,0.347107438016529,0.177685950413223,0.136363636363636,0.177685950413223,0.599173553719008,"10"
"83",0.361593301752101,0.34571287358217,0.202121293056388,0.318590121544249,0.126598465473146,0.0793399779526595,0.495867768595041,0.483471074380165,0.442148760330579,0.632231404958678,0.727272727272727,0.56198347107438,"40"
"84",0.299023180619574,0.343117416244341,0.149393048297345,0.343502514518903,0.0232660228270413,0.0507687619393774,0.37603305785124,0.479338842975207,0.276859504132231,0.698347107438017,0.206611570247934,0.326446280991736,"30"
"85",0.56363553047689,0.735991819813262,0.240839220434028,0.543113278331903,0.00178798340211634,0.0747540409037954,0.814049586776859,0.966942148760331,0.516528925619835,0.958677685950413,0.0909090909090909,0.533057851239669,"80"
"86",0.249568303309538,0.393103790522435,0.0983486109912307,0.225333710907872,0.0108282965863625,0.0541410218025331,0.272727272727273,0.570247933884298,0.148760330578512,0.305785123966942,0.12396694214876,0.351239669421488,"20"
"87",0.181950239806239,0.193513283774843,0.120957577575806,0.193615450674188,0.0461873638344227,0.0520717733123982,0.136363636363636,0.194214876033058,0.206611570247934,0.173553719008264,0.384297520661157,0.338842975206612,"10"
"88",0.456250498675982,0.531812171484289,0.194606650940354,0.486879660248057,0.0631422189128816,0.0414750126751564,0.65702479338843,0.818181818181818,0.429752066115702,0.913223140495868,0.495867768595041,0.268595041322314,"60"
"89",0.214633379026632,0.250158330309023,0.109138766347779,0.297521391106183,0.0205709849922374,0.0137402567332929,0.198347107438017,0.276859504132231,0.173553719008264,0.557851239669422,0.18595041322314,0.15702479338843,"10"
"90",0.40898615602866,0.405094376145571,0.323928573555315,0.404859836209258,0,0.0614231248987245,0.566115702479339,0.59504132231405,0.648760330578512,0.809917355371901,0,0.417355371900826,"50"
"91",0.0230764939226459,0.0681205616633142,0.0372085110954889,0.0255222679404597,0.0291790922497133,0.0341760195629423,0.012396694214876,0.0330578512396694,0.012396694214876,0.00413223140495868,0.247933884297521,0.235537190082645,"0"
"92",0.344885107725089,0.386933545298564,0.224210394965978,0.202215254436151,0.12600883080755,0.0896514948983484,0.471074380165289,0.553719008264463,0.495867768595041,0.202479338842975,0.723140495867769,0.640495867768595,"40"
"93",0.583202984015373,0.762749113057895,0.303916220181675,0.43025198509578,0.059024609054771,0.091304914806463,0.826446280991736,0.979338842975207,0.619834710743802,0.847107438016529,0.466942148760331,0.652892561983471,"80"
"94",0.338616889526527,0.252130612145727,0.333161246880525,0.136175580916654,0.13066759120151,0.160623922452775,0.462809917355372,0.297520661157025,0.65702479338843,0.0578512396694215,0.752066115702479,0.90495867768595,"40"
"95",0.844800272101448,0.596180091423931,0.862046847552297,0.443188441008463,0.298696724198661,0.125751857796509,0.983471074380165,0.87603305785124,0.983471074380165,0.863636363636364,0.966942148760331,0.84297520661157,"90"
"96",0.519165027710224,0.439806874458881,0.401587764141935,0.261284348291501,0.17407385489407,0.204371278792729,0.747933884297521,0.65702479338843,0.727272727272727,0.421487603305785,0.851239669421488,0.93801652892562,"70"
"97",0.49569521395658,0.454339638112115,0.437472070637752,0.285304995037749,0.132447380401197,0.110676311150358,0.710743801652893,0.690082644628099,0.760330578512397,0.520661157024793,0.760330578512397,0.764462809917355,"70"
"98",0.387405856696076,0.239975530026051,0.461647918446527,0.200236012400138,0.118391660461653,0.119072708451087,0.549586776859504,0.252066115702479,0.772727272727273,0.190082644628099,0.698347107438017,0.814049586776859,"50"
"99",0.725165634732145,0.734556301232229,0.562088572168891,0.439279412424698,0.183254896139842,0.0963370939511861,0.929752066115702,0.962809917355372,0.863636363636364,0.855371900826446,0.871900826446281,0.669421487603306,"90"
"100",0.459923530237943,0.334150557456422,0.373085791450352,0.23576121985592,0.204574039003657,0.179872424305656,0.661157024793388,0.462809917355372,0.690082644628099,0.330578512396694,0.90495867768595,0.925619834710744,"60"
"101",0.788361918929662,0.653055679404206,0.735770144594561,0.447499331997225,0.225486867072805,0.11764356841547,0.958677685950413,0.917355371900826,0.942148760330578,0.867768595041322,0.929752066115702,0.801652892561983,"90"
"102",0.455365310014105,0.353968097360746,0.420577142307114,0.268659203949953,0.173828540192535,0.0985864368435895,0.648760330578512,0.495867768595041,0.743801652892562,0.442148760330579,0.847107438016529,0.694214876033058,"60"
"103",0.70443883338645,0.591957184901571,0.664996960361703,0.338303257280411,0.240549417736638,0.125941458519875,0.909090909090909,0.863636363636364,0.913223140495868,0.685950413223141,0.942148760330578,0.847107438016529,"90"
"104",0.693541088632666,0.639293588607959,0.649971812789673,0.375263273375679,0.189075630252101,0.0798738177228891,0.900826446280992,0.909090909090909,0.909090909090909,0.747933884297521,0.880165289256198,0.566115702479339,"80"
"105",0.633551220242155,0.392019119182928,0.726705805891156,0.359229982459018,0.130282904950837,0.169618851031376,0.859504132231405,0.56198347107438,0.93801652892562,0.714876033057851,0.747933884297521,0.913223140495868,"80"
"106",0.509413924414796,0.493424774746134,0.506774032947436,0.237462492837957,0.10093717384521,0.117230026047194,0.727272727272727,0.760330578512397,0.818181818181818,0.34297520661157,0.644628099173554,0.789256198347107,"70"
"107",0.593098412972349,0.610966392036378,0.49265905450137,0.376623174559626,0.021903843504615,0.170764397138504,0.838842975206612,0.888429752066116,0.809917355371901,0.752066115702479,0.202479338842975,0.921487603305785,"80"
"108",0.86684624724006,0.606563565103403,1,0.449915385159286,0.235365579761929,0.0912095361066894,0.987603305785124,0.884297520661157,1,0.871900826446281,0.933884297520661,0.648760330578512,"90"
"109",0.705266549450863,0.649441346508836,0.721647261527337,0.443062808869958,0.0358350236646383,0.113909040502586,0.913223140495868,0.913223140495868,0.933884297520661,0.859504132231405,0.305785123966942,0.78099173553719,"90"
"110",0.436072559115483,0.256546470467001,0.566929649056902,0.172678564465781,0.146884860409593,0.122531991036482,0.615702479338843,0.31404958677686,0.867768595041322,0.12396694214876,0.785123966942149,0.830578512396694,"60"
"111",0.468351014891654,0.320022151683168,0.473789765082024,0.218993284413366,0.203633655994043,0.132867157508484,0.665289256198347,0.43801652892562,0.797520661157025,0.285123966942149,0.900826446280992,0.867768595041322,"60"
"112",0.421791880571248,0.139319635258837,0.667835049075607,0.209809639050117,0.124493073679984,0.0870682155593118,0.590909090909091,0.115702479338843,0.921487603305785,0.243801652892562,0.710743801652893,0.619834710743802,"50"
"113",0.257445862638457,0.400391950802643,0.0828071956562177,0.23875495221681,0.0213239950825169,0.0589127424107054,0.301652892561983,0.586776859504132,0.107438016528926,0.347107438016529,0.194214876033058,0.392561983471074,"20"
"114",0.36234028271077,0.435321839275548,0.207111719747459,0.315953181927447,0.0595855245899592,0.0563282310596246,0.5,0.648760330578512,0.458677685950413,0.611570247933884,0.475206611570248,0.359504132231405,"40"
"115",0.469453094683714,0.451802654996013,0.318320147866666,0.308990962539466,0.159434669256183,0.113616517207202,0.669421487603306,0.681818181818182,0.640495867768595,0.586776859504132,0.822314049586777,0.776859504132231,"60"
"116",0.596338676195553,0.299617963797619,0.584574433778029,0.329201901738479,0.445600729047241,0.0223274942785881,0.84297520661157,0.388429752066116,0.880165289256198,0.661157024793388,0.995867768595041,0.181818181818182,"80"
"117",0.335107969961429,0.389037215940945,0.275949087550704,0.239174853413011,0.00247432306255836,0.0970208835143058,0.458677685950413,0.557851239669422,0.582644628099174,0.351239669421488,0.0991735537190083,0.681818181818182,"40"
"118",0.509486034248616,0.57819843883075,0.26018610650076,0.271725618105523,0.242402043281129,0.103503355919189,0.731404958677686,0.855371900826446,0.549586776859504,0.454545454545455,0.946280991735537,0.723140495867769,"70"
"119",0.506118999745417,0.420629479087388,0.47165352073492,0.276838976816704,0.140945223298164,0.137213840742823,0.71900826446281,0.628099173553719,0.793388429752066,0.479338842975207,0.776859504132231,0.871900826446281,"70"
"120",0.82887490566881,0.579624783428315,0.75112326925688,0.508814342222935,0.423843171266772,0.0211459403927526,0.975206611570248,0.859504132231405,0.954545454545455,0.933884297520661,0.991735537190083,0.173553719008264,"90"
"121",0.510821400418283,0.752640028676598,0.262424759353547,0.324104392830302,0.0815207745853957,0.0387897193409337,0.735537190082645,0.975206611570248,0.56198347107438,0.648760330578512,0.566115702479339,0.252066115702479,"70"
"122",0.251295495295269,0.392214839376317,0.124345652120632,0.205247014158728,0.0464875684550249,0.0179409155741934,0.276859504132231,0.566115702479339,0.214876033057851,0.21900826446281,0.388429752066116,0.165289256198347,"20"
"123",0.320468164925996,0.411018387708131,0.105748770845777,0.240737754317075,0.171704132169855,0.0364697751717137,0.429752066115702,0.603305785123967,0.15702479338843,0.359504132231405,0.84297520661157,0.247933884297521,"40"
"124",0.424738864690686,0.363518311930968,0.362827732510043,0.352838438798006,0.0791364668553831,0.0778495195912841,0.603305785123967,0.512396694214876,0.677685950413223,0.706611570247934,0.553719008264463,0.557851239669422,"60"
"125",0.157643268876899,0.116150040914449,0.20801737755474,0.132190669869219,0.0420168067226891,0.0449151351365813,0.0950413223140496,0.0826446280991736,0.462809917355372,0.0537190082644628,0.347107438016529,0.297520661157025,"0"
"126",0.300236917464466,0.350630185297766,0.202206763546012,0.221862807568478,0.0805957179753313,0.057900879426275,0.384297520661157,0.487603305785124,0.446280991735537,0.297520661157025,0.557851239669422,0.367768595041322,"30"
"127",0.471693785609652,0.367804670549328,0.453205678659097,0.454095234560349,0,0.0828720094800415,0.677685950413223,0.524793388429752,0.768595041322314,0.87603305785124,0,0.582644628099174,"60"
"128",0.21514524422168,0.26906552755581,0.113880508867892,0.184277282586632,0.0612303841340137,0.0640038707072417,0.202479338842975,0.334710743801653,0.190082644628099,0.152892561983471,0.483471074380165,0.43801652892562,"10"
"129",0.41694514736563,0.513305225698275,0.192240980992861,0.295217848902105,0.147556380468933,0.0676321252413947,0.582644628099174,0.793388429752066,0.417355371900826,0.545454545454545,0.793388429752066,0.479338842975207,"50"
"130",0.303151745080553,0.431007647108878,0.146540436184942,0.241195151689666,0,0.102014557773285,0.400826446280992,0.640495867768595,0.272727272727273,0.363636363636364,0,0.706611570247934,"30"
"131",0.582878010799906,0.452822094488769,0.477239644735481,0.342072948954386,0.18135897018087,0.19291016138413,0.822314049586777,0.685950413223141,0.801652892561983,0.694214876033058,0.867768595041322,0.929752066115702,"80"
"132",0.356269117300569,0.530664644851641,0.177550640691178,0.252220946612226,0.0266396563804186,0.0714752216143473,0.491735537190083,0.809917355371901,0.351239669421488,0.400826446280992,0.227272727272727,0.495867768595041,"40"
"133",0.312682296860419,0.370294593020255,0.192008806645614,0.249319236866726,0.0473806543894153,0.0864779829003203,0.417355371900826,0.528925619834711,0.413223140495868,0.388429752066116,0.400826446280992,0.615702479338843,"40"
"134",0.37554710725282,0.500236252008928,0.168653963509669,0.293953185753099,0.0432525951557093,0.102464707141062,0.520661157024793,0.776859504132231,0.326446280991736,0.541322314049587,0.367768595041322,0.71900826446281,"50"
"135",0.383797704942551,0.440582285963856,0.199407566886634,0.283777493692528,0.0498254096159012,0.156371062409937,0.537190082644628,0.661157024793388,0.433884297520661,0.512396694214876,0.421487603305785,0.900826446280992,"50"
"136",0.455125535996346,0.530972809552541,0.276931459552849,0.405913223161008,0.0355287414110944,0.0656511822357964,0.644628099173554,0.814049586776859,0.586776859504132,0.814049586776859,0.301652892561983,0.466942148760331,"60"
"137",0.349796035176388,0.298084004153812,0.272817005643593,0.364152802084365,0.0423035990712074,0.0644016889303271,0.479338842975207,0.384297520661157,0.574380165289256,0.727272727272727,0.359504132231405,0.442148760330579,"40"
"138",0.422191271420752,0.469267743419631,0.223799598810638,0.389877148750593,0.0816280430831785,0.0649891499577297,0.59504132231405,0.723140495867769,0.491735537190083,0.768595041322314,0.570247933884298,0.450413223140496,"50"
"139",0.236389410452174,0.420626674114659,0.0753199980316621,0.202992199813568,0.0486288102762769,0,0.243801652892562,0.62396694214876,0.0826446280991736,0.206611570247934,0.409090909090909,0,"20"
"140",0.0465484720669351,0.0483756230938566,0.129685563371936,0.0717668272413896,0.00526777875329236,0,0.0206611570247934,0.0247933884297521,0.223140495867769,0.0206611570247934,0.111570247933884,0,"0"
"141",0.81127545617935,0.541249902746518,0.792134542366473,0.765683661315357,0.128474466709761,0.0113536905572304,0.971074380165289,0.822314049586777,0.962809917355372,1,0.739669421487603,0.148760330578512,"90"
"142",0.0974186214481508,0.0297514566718592,0.119235407972302,0.0610911707063413,0.176669867207739,0.000311621287196374,0.0371900826446281,0.0165289256198347,0.194214876033058,0.0165289256198347,0.859504132231405,0.0950413223140496,"0"
"143",0.235219035255559,0.277889446642743,0.185439426513862,0.226909315621093,0.0542933891822983,0,0.239669421487603,0.351239669421488,0.388429752066116,0.31404958677686,0.43801652892562,0,"20"
"144",0.525822692103921,0.47130917606169,0.352052134943087,0.459080868757929,0.11213335470428,0.103819426602833,0.776859504132231,0.731404958677686,0.673553719008264,0.880165289256198,0.681818181818182,0.727272727272727,"70"
"145",0.362557242837614,0.435589736234041,0.185796800582653,0.251602434656812,0.201874347690421,0,0.504132231404959,0.652892561983471,0.396694214876033,0.396694214876033,0.896694214876033,0,"50"
"146",0.150377894263444,0.105293070847084,0.18534077451889,0.19758302067678,0.0362258449399534,0,0.0826446280991736,0.0743801652892562,0.384297520661157,0.181818181818182,0.31404958677686,0,"0"
"147",0.302012192800095,0.381614466816409,0.172718006693415,0.323806054709992,0.039663118882448,0,0.396694214876033,0.541322314049587,0.34297520661157,0.644628099173554,0.330578512396694,0,"30"
"148",0.346962007005188,0.373849798885465,0.0811240320595723,0.241554069034321,0.00438487631339456,0.333494488833411,0.475206611570248,0.533057851239669,0.0991735537190083,0.367768595041322,0.107438016528926,0.979338842975207,"40"
"149",0.200134002498889,0.209796009208971,0.177922849857281,0.212339510550246,0.0534581062718014,0,0.181818181818182,0.223140495867769,0.355371900826446,0.256198347107438,0.433884297520661,0,"10"
"150",0.182142289691107,0.0727142816562359,0.251836771184115,0.217560980334318,0,0.0647316181789674,0.140495867768595,0.0413223140495868,0.537190082644628,0.276859504132231,0,0.446280991735537,"10"
"151",0.299496524067182,0.26791718958543,0.233460293606377,0.27105511738798,0.0270390645244882,0.111804012702402,0.380165289256198,0.326446280991736,0.508264462809917,0.446280991735537,0.231404958677686,0.772727272727273,"30"
"152",0.76805889104994,0.506114943406012,0.603346883902173,0.43611673339534,0.0212704965026946,0.559937860212576,0.954545454545455,0.78099173553719,0.884297520661157,0.851239669421488,0.190082644628099,1,"90"
"153",0.325225934387341,0.176447233220083,0.37958734726784,0.210463362422853,0.211523145190229,0,0.442148760330579,0.169421487603306,0.706611570247934,0.247933884297521,0.913223140495868,0,"40"
"154",0.323457175896409,0.268483081327643,0.432875274534169,0.203910697666132,0.0396311066799601,0.0285325401407256,0.433884297520661,0.330578512396694,0.752066115702479,0.210743801652893,0.326446280991736,0.198347107438017,"40"
"155",0.54613105608057,0.451281002411474,0.570049703724453,0.460700532685986,0.0685825200841106,0.000463718753220269,0.789256198347107,0.677685950413223,0.871900826446281,0.888429752066116,0.524793388429752,0.103305785123967,"70"
"156",0.522673104099877,0.510251680822467,0.33549935197437,0.361053991055896,0.0148067670339904,0.268612732502161,0.760330578512397,0.785123966942149,0.661157024793388,0.71900826446281,0.148760330578512,0.971074380165289,"70"
"157",0.291824222595672,0.332854737890531,0.221549386916596,0.274555258930203,0.059734778542481,0.00267857553540711,0.363636363636364,0.458677685950413,0.487603305785124,0.471074380165289,0.479338842975207,0.115702479338843,"30"
"158",0.197046385855067,0.158886912960181,0.202500117386635,0.219186132559066,0.0649336370062043,0,0.161157024793388,0.136363636363636,0.450413223140496,0.289256198347107,0.508264462809917,0,"10"
"159",0.293813666921664,0.309092132692074,0.206871802848961,0.374491140955397,0,0.0060785366028979,0.367768595041322,0.417355371900826,0.454545454545455,0.743801652892562,0,0.132231404958678,"30"
"160",0.234388616181595,0.301699293597318,0.078795947412936,0.287547631344723,0.0234736393162954,0.0508608520600159,0.227272727272727,0.392561983471074,0.0950413223140496,0.524793388429752,0.210743801652893,0.330578512396694,"20"
"161",0.143314994809948,0.0554132520367377,0.232472677759481,0.159530763667368,0,0.0587039449949081,0.0702479338842975,0.0289256198347107,0.504132231404959,0.103305785123967,0,0.380165289256198,"0"
"162",0.285601551318439,0.311136624264026,0.167231813544784,0.279446619157923,0.029066460838479,0.0883488077915576,0.359504132231405,0.425619834710744,0.322314049586777,0.487603305785124,0.243801652892562,0.628099173553719,"30"
"163",0.429635255259265,0.422634692737281,0.316137460851895,0.419626229195524,0.00331841091945027,0.087155544908745,0.607438016528926,0.632231404958678,0.636363636363636,0.834710743801653,0.103305785123967,0.62396694214876,"60"
"164",0.254667426382196,0.287972459831849,0.185578847098544,0.188185358310436,0.0717961260947686,0.0614504226766594,0.285123966942149,0.367768595041322,0.392561983471074,0.161157024793388,0.537190082644628,0.421487603305785,"20"
"165",0.323975765575484,0.191553435961484,0.341464961994537,0.297385991540166,0.0558188520273828,0.0885547473673771,0.43801652892562,0.190082644628099,0.669421487603306,0.553719008264463,0.446280991735537,0.632231404958678,"40"
"166",0.45168805600757,0.363828395389902,0.320843580117366,0.331874341643918,0.217567756682372,0.0719660754430518,0.632231404958678,0.516528925619835,0.644628099173554,0.669421487603306,0.917355371900826,0.5,"60"
"167",0.372817182361829,0.470138952981032,0.181435841022853,0.273967941544456,0.0706326583496835,0.105303532254849,0.512396694214876,0.727272727272727,0.367768595041322,0.466942148760331,0.533057851239669,0.731404958677686,"50"
"168",0.55948363563571,0.4616735171062,0.466064166034432,0.49755413287114,0.118467589055824,0.0419563868711339,0.809917355371901,0.714876033057851,0.785123966942149,0.921487603305785,0.702479338842975,0.276859504132231,"80"
"169",0.660310187470117,0.458745951278795,0.665269100340113,0.608502775478849,0.0559855212287237,0.0587695289480531,0.880165289256198,0.702479338842975,0.917355371900826,0.975206611570248,0.450413223140496,0.384297520661157,"80"
"170",0.516801996930461,0.325350080821889,0.463334432498966,0.562854367847912,0.0414283410052483,0.0820268916552074,0.743801652892562,0.442148760330579,0.776859504132231,0.966942148760331,0.338842975206612,0.578512396694215,"70"
"171",0.342646688078568,0.24618696717029,0.18619875259012,0.371904488134131,0.198072526660187,0.020850036460452,0.466942148760331,0.264462809917355,0.400826446280992,0.735537190082645,0.892561983471074,0.169421487603306,"40"
"172",0.0768583375026716,0.0830119106707401,0.060882393666411,0.111717768228435,0.0469997044043748,0.0311117173811019,0.0330578512396694,0.0578512396694215,0.0495867768595041,0.0495867768595041,0.392561983471074,0.21900826446281,"0"
"173",0.270338479101167,0.357949227954872,0.146402332865545,0.260841190556616,0.0417645599544705,0.0286786355050345,0.334710743801653,0.5,0.268595041322314,0.417355371900826,0.34297520661157,0.202479338842975,"30"
"174",0.243704894237423,0.250679635743232,0.141918497851435,0.22125675673098,0.147058823529412,0.00563127725341224,0.260330578512397,0.285123966942149,0.264462809917355,0.293388429752066,0.789256198347107,0.128099173553719,"20"
"175",0.193198031604368,0.176822826525563,0.098288607883818,0.225590872600343,0.103891969775663,0.0309293956385592,0.148760330578512,0.173553719008264,0.144628099173554,0.309917355371901,0.652892561983471,0.214876033057851,"10"
"176",0.301886242718078,0.306448841961731,0.141533839801641,0.314701355778695,0.154790878795821,0,0.392561983471074,0.409090909090909,0.260330578512397,0.607438016528926,0.814049586776859,0,"30"
"177",0.16882989615686,0.169554484799573,0.0961382770200375,0.209045156457474,0.0975716665205576,0,0.115702479338843,0.15702479338843,0.128099173553719,0.239669421487603,0.632231404958678,0,"10"
"178",0.282492453218376,0.382737637929979,0.0956397002210318,0.327749022515708,0.0295103645875625,0.0315281986969865,0.351239669421488,0.545454545454545,0.12396694214876,0.65702479338843,0.256198347107438,0.223140495867769,"30"
"179",0.28207304537076,0.286346075097404,0.133162137200979,0.288551615951403,0.0928931572629052,0.0651239403647189,0.347107438016529,0.363636363636364,0.227272727272727,0.528925619834711,0.615702479338843,0.458677685950413,"30"
"180",0.0999604226050763,0.138888975237424,0.0641855974055151,0.17766229856239,0,0.0129164128155089,0.0454545454545455,0.111570247933884,0.0578512396694215,0.144628099173554,0,0.152892561983471,"0"
"181",0.16167049038526,0.19360781060828,0.0458812555460069,0.205148319154121,0.0920338615150857,0.0170659156083465,0.103305785123967,0.198347107438017,0.0289256198347107,0.214876033057851,0.611570247933884,0.161157024793388,"10"
"182",0.215991482650682,0.0906802424457729,0.191313274238569,0.334718132373543,0.0779411764705882,0,0.206611570247934,0.0619834710743802,0.40495867768595,0.677685950413223,0.549586776859504,0,"20"
"183",0.12299120039811,0.112919987099887,0.0759230792523895,0.201592773671655,0.0629622533052309,0,0.0619834710743802,0.0785123966942149,0.0867768595041322,0.194214876033058,0.491735537190083,0,"0"
"184",0.198687410211856,0.20801030985414,0.0719415872706173,0.316962991601069,0.0528489401128441,0,0.177685950413223,0.21900826446281,0.0743801652892562,0.619834710743802,0.429752066115702,0,"10"
"185",0.0660690816552812,0.0918984177025839,0.0479347959791982,0.148189711389852,0.0170829975825947,0.000628849866691183,0.0247933884297521,0.0661157024793388,0.0330578512396694,0.0785123966942149,0.165289256198347,0.107438016528926,"0"
"186",0.30547038463778,0.249340406157734,0.171033307007578,0.412033757487666,0.0839246964987391,0.0104404757957926,0.40495867768595,0.268595041322314,0.334710743801653,0.826446280991736,0.59504132231405,0.144628099173554,"40"
"187",0.295207009072693,0.262872980801179,0.128828240191719,0.393768891273625,0.109604779411765,0.0050732307468925,0.371900826446281,0.318181818181818,0.21900826446281,0.772727272727273,0.673553719008264,0.12396694214876,"30"
"188",0.114770126606786,0.0716897192072612,0.119479932423997,0.206506113017855,0.0328000742643191,0.00159572821734437,0.0537190082644628,0.0371900826446281,0.202479338842975,0.235537190082645,0.28099173553719,0.111570247933884,"0"
"189",0.26101108454269,0.263837014990655,0.138818483792713,0.354115544557827,0.0128424064800498,0.0418260319958518,0.309917355371901,0.322314049586777,0.247933884297521,0.710743801652893,0.136363636363636,0.272727272727273,"30"
"190",0,0.0212034162430638,0.00884049553299882,0.0283941093937944,0.0331762619324999,0.0427287665621683,0,0.012396694214876,0.00826446280991736,0.00826446280991736,0.285123966942149,0.285123966942149,"0"
"191",0.256393033872181,0.14288966319173,0.210643676044427,0.388663031513161,0.0216503267973856,0.0356129649536012,0.297520661157025,0.119834710743802,0.475206611570248,0.764462809917355,0.198347107438017,0.239669421487603,"20"
"192",0.216656935456755,0.174976158567388,0.157298496156669,0.271398885082231,0.0459947930422971,0.0467107631237182,0.210743801652893,0.165289256198347,0.297520661157025,0.450413223140496,0.380165289256198,0.305785123966942,"20"
"193",0.114010576974316,0.122981923450336,0.112635261449441,0.194106931365104,0,0.000377081112867066,0.0495867768595041,0.0950413223140496,0.18595041322314,0.177685950413223,0,0.0991735537190083,"0"
"194",0.473548912893561,0.307446509558503,0.38171373897122,0.657655503860931,0.015974280403878,0,0.681818181818182,0.413223140495868,0.710743801652893,0.991735537190083,0.161157024793388,0,"60"
"195",0.300450615582404,0.381397845272687,0.081339578223845,0.352541861834234,0.0883603323237656,0.0101110966512089,0.388429752066116,0.537190082644628,0.103305785123967,0.702479338842975,0.607438016528926,0.140495867768595,"30"
"196",0.182635404208556,0.25342591332178,0.0951293068658909,0.259567633851908,0,0,0.144628099173554,0.301652892561983,0.119834710743802,0.413223140495868,0,0,"10"
"198",0.379146421549723,0.200869933716834,0.180171393270943,0.669050582167008,0.0288078270322503,0.0389980530952395,0.528925619834711,0.206611570247934,0.359504132231405,0.995867768595041,0.239669421487603,0.256198347107438,"50"
"199",0.029824471095842,0.045846667433401,0,0.050090407367824,0.0704595811593167,0.045314920045359,0.0165289256198347,0.0206611570247934,0,0.012396694214876,0.528925619834711,0.301652892561983,"0"
"200",0.195801725463314,0.251984639417243,0.0508436129873115,0.299717902719794,0.0120881627236725,0.0276436724065198,0.15702479338843,0.293388429752066,0.0413223140495868,0.566115702479339,0.132231404958678,0.194214876033058,"10"
"201",0.00481907430840568,0,0.0445360126232979,0.0790287916643773,0,0.0232795459488796,0.00826446280991736,0,0.0247933884297521,0.0289256198347107,0,0.18595041322314,"0"
"202",0.171276083168454,0.216831442009537,0.0725868641386942,0.179753773960571,0.0820597032432115,0.0274235261907282,0.119834710743802,0.227272727272727,0.0785123966942149,0.148760330578512,0.578512396694215,0.190082644628099,"10"
"203",0.19770383817007,0.227988108078623,0.0394612059557027,0.284997880935809,0.054530971689033,0.0402341493905915,0.165289256198347,0.239669421487603,0.0165289256198347,0.516528925619835,0.442148760330579,0.260330578512397,"10"
"204",0.0672141202054413,0.0734202853162825,0.0397922518748059,0.0839219959245651,0.0579461706665227,0.0536244464847656,0.0289256198347107,0.0454545454545455,0.0206611570247934,0.0330578512396694,0.454545454545455,0.347107438016529,"0"
"205",0.194875721185388,0.221466739891197,0.0831666991503914,0.273120702953232,0.0145659232718871,0.0475557504064753,0.152892561983471,0.231404958677686,0.111570247933884,0.462809917355372,0.140495867768595,0.309917355371901,"10"
"206",0.633125536460564,0.194884475746152,0.629317803548341,0.631528432732307,0.17535153019024,0.14567014264189,0.855371900826446,0.202479338842975,0.900826446280992,0.987603305785124,0.855371900826446,0.880165289256198,"80"
"207",0.448908807743222,0.498620891487454,0.184434130961731,0.542018062371781,0.0308745857497929,0.042922750095461,0.628099173553719,0.772727272727273,0.380165289256198,0.954545454545455,0.268595041322314,0.289256198347107,"60"
"208",0.210293805223533,0.32568721589971,0.0641968556673054,0.175221240985491,0.0404538978221046,0.0743131047236692,0.194214876033058,0.446280991735537,0.0619834710743802,0.128099173553719,0.334710743801653,0.524793388429752,"10"
"209",0.364955213563426,0.288479204841228,0.301969806853787,0.407494478683313,0.0312143061107938,0.0519261681531297,0.508264462809917,0.371900826446281,0.611570247933884,0.822314049586777,0.272727272727273,0.334710743801653,"50"
"210",0.506456491707149,0.384756910405394,0.528911142683103,0.307377173914268,0.15090495184873,0.0762063595245868,0.723140495867769,0.549586776859504,0.838842975206612,0.582644628099174,0.801652892561983,0.545454545454545,"70"
"211",0.200224165432811,0.15784587502123,0.164391093930564,0.188752921693086,0.0839187202332332,0.0588417592947054,0.18595041322314,0.132231404958678,0.31404958677686,0.165289256198347,0.590909090909091,0.388429752066116,"10"
"212",0.474750130344361,0.476208950682671,0.271538419804269,0.374007990174303,0.166533260669641,0.0776175245268196,0.685950413223141,0.743801652892562,0.570247933884298,0.739669421487603,0.834710743801653,0.553719008264463,"60"
"213",0.393746699047189,0.407181398827048,0.226704758978662,0.253382490207122,0.19377219076864,0.0747319542359584,0.557851239669422,0.599173553719008,0.5,0.40495867768595,0.884297520661157,0.528925619834711,"50"
"214",0.285380832319465,0.246088617483827,0.159921460221309,0.153685549991158,0.246295163486394,0.0686669608508737,0.355371900826446,0.260330578512397,0.309917355371901,0.0867768595041322,0.950413223140496,0.483471074380165,"30"
"215",0.319576817792435,0.170550791773875,0.303053926274933,0.329762459565408,0.0427147178221762,0.117284655299173,0.425619834710744,0.161157024793388,0.615702479338843,0.665289256198347,0.363636363636364,0.793388429752066,"40"
"216",0.262837815446582,0.295147475949616,0.139318731122755,0.251506183934082,0.0278680346766256,0.102337831805921,0.322314049586777,0.380165289256198,0.252066115702479,0.392561983471074,0.235537190082645,0.710743801652893,"30"
"217",0.260647110537984,0.27316779227178,0.106746417694587,0.224547279416746,0.162883485199763,0.0431503117016266,0.305785123966942,0.338842975206612,0.169421487603306,0.301652892561983,0.830578512396694,0.293388429752066,"30"
"218",0.237345080902057,0.163545624429324,0.243970820556194,0.242386778728085,0,0.100143590981873,0.247933884297521,0.148760330578512,0.520661157024793,0.371900826446281,0,0.702479338842975,"20"
"219",0.525630370788012,0.544217111501015,0.247332068691112,0.462061568719373,0.0368226030569708,0.207462702792225,0.772727272727273,0.826446280991736,0.524793388429752,0.892561983471074,0.318181818181818,0.942148760330578,"70"
"220",0.122343089667983,0.150794766750262,0.0566345579529182,0.10747527090598,0.0471950133570792,0.0896172015017826,0.0578512396694215,0.12396694214876,0.0454545454545455,0.0454545454545455,0.396694214876033,0.636363636363636,"0"
"221",0.255428830412441,0.342428364155566,0.106677460926434,0.267281641948262,0.0191855203619909,0.061385406920139,0.289256198347107,0.475206611570248,0.165289256198347,0.43801652892562,0.181818181818182,0.413223140495868,"20"
"222",0.309904719020997,0.397193129099364,0.13538784282737,0.309206361432053,0.0352525462481812,0.0612359989027717,0.413223140495868,0.578512396694215,0.231404958677686,0.590909090909091,0.297520661157025,0.409090909090909,"40"
"223",0.281596826961406,0.160631773479145,0.310428554614852,0.275937839897914,0.00801222830651393,0.109831157577586,0.34297520661157,0.140495867768595,0.62396694214876,0.475206611570248,0.119834710743802,0.756198347107438,"30"
"224",0.476021317438437,0.446154701928761,0.287178152568975,0.403151331553691,0.151505526616694,0.0812140565357505,0.690082644628099,0.673553719008264,0.607438016528926,0.805785123966942,0.805785123966942,0.574380165289256,"60"
"225",0.139107440763746,0.160957922293611,0.0630614589741676,0.0752483751948627,0.126840015954719,0.0690979279350977,0.0661157024793388,0.144628099173554,0.0537190082644628,0.0247933884297521,0.731404958677686,0.487603305785124,"0"
"226",0.494624551644379,0.54943771092518,0.20860358768498,0.474302644705969,0.143753178504831,0.0413658373303881,0.706611570247934,0.830578512396694,0.466942148760331,0.896694214876033,0.78099173553719,0.264462809917355,"70"
"227",0.386936379045513,0.456121848806768,0.169524839950756,0.395118437587745,0.0649252164173881,0.05241560141948,0.541322314049587,0.694214876033058,0.330578512396694,0.785123966942149,0.504132231404959,0.34297520661157,"50"
"228",0.233666725500168,0.305435942666932,0.0998283199647579,0.244440311187339,0.0420491896180437,0.0487509227194116,0.223140495867769,0.400826446280992,0.152892561983471,0.380165289256198,0.351239669421488,0.31404958677686,"20"
"229",0.53205059720915,0.721762748972645,0.13616551279255,0.565298076826526,0.0292889598428098,0.0620356520788904,0.78099173553719,0.954545454545455,0.235537190082645,0.971074380165289,0.252066115702479,0.429752066115702,"70"
"230",0.381985428889394,0.494290317582516,0.183099672102792,0.303896769073202,0.0256515264333582,0.118324255453033,0.533057851239669,0.764462809917355,0.371900826446281,0.578512396694215,0.21900826446281,0.809917355371901,"50"
"231",0.73494316258878,0.853662155068678,0.377127764692206,0.524689370495771,0.155937649980177,0.129463504556595,0.942148760330578,0.991735537190083,0.694214876033058,0.946280991735537,0.818181818181818,0.859504132231405,"90"
"232",0.640199818482671,0.555857183803772,0.561473497488021,0.474694314084597,0.129404838179016,0.0736741516794314,0.867768595041322,0.84297520661157,0.859504132231405,0.900826446280992,0.743801652892562,0.520661157024793,"80"
"233",0.412045097354519,0.57569081903589,0.0686531119054601,0.412069457923169,0.0865704772475028,0.0602573331982224,0.574380165289256,0.851239669421488,0.0702479338842975,0.830578512396694,0.603305785123967,0.400826446280992,"50"
"234",0.305793150827671,0.311242274488424,0.257671498025863,0.300597758386205,0,0.0580984091908447,0.409090909090909,0.429752066115702,0.545454545454545,0.570247933884298,0,0.37603305785124,"40"
"235",0.245448527858462,0.181024467005726,0.194106055108526,0.197621801793403,0.0666262083315272,0.131689669467241,0.264462809917355,0.177685950413223,0.425619834710744,0.18595041322314,0.512396694214876,0.863636363636364,"20"
"236",0.412388786994045,0.433353486235746,0.260714870240494,0.40666902099277,0.0303790212796446,0.0730163758335679,0.578512396694215,0.644628099173554,0.553719008264463,0.818181818181818,0.264462809917355,0.516528925619835,"50"
"237",0.331377284416866,0.119824059945557,0.463481293220976,0.38153778415725,0,0.0291353464763739,0.454545454545455,0.0867768595041322,0.78099173553719,0.760330578512397,0,0.206611570247934,"40"
"239",0.261440762343901,0.423135690821856,0.0969927658708161,0.290099062500356,0.00232660228270413,0,0.31404958677686,0.636363636363636,0.136363636363636,0.533057851239669,0.0950413223140496,0,"30"
"240",0.234445462828025,0.275172731548221,0.209111905135798,0.243549711059908,0.0146904835232522,0,0.231404958677686,0.34297520661157,0.471074380165289,0.37603305785124,0.144628099173554,0,"20"
"241",0.327359253984949,0.304037443213394,0.281227828505723,0.314029191365565,0.0842607313195548,0,0.450413223140496,0.396694214876033,0.599173553719008,0.603305785123967,0.599173553719008,0,"40"
